camera_id,name,status,skyline_fitted,skyline_d_pan,skyline_d_tilt,skyline_roll,skyline_focal,skyline_misfit_published_px,skyline_misfit_fitted_px,skyline_frames,skyline_relief_deg,skyline_skyline_km,skyline_pan,skyline_tilt,skyline_hfov,skyline_frame,sun_verdict,sun_frames,sun_d_az,sun_d_el,sun_fit_frames,sun_pub_d_az,sun_pub_d_el,sun_fit_d_az,sun_fit_d_el,sun_frame
ws-a51251af,Alabama Hills 1 LONEPINECOMMUNICATIONS,"calibrated (T0 published pointing; sun ok x1, az +0.2 el -0.3) 2026-10-01",,,,,,,,,,,,,,,consistent,1,0.16,-0.34,,,,,,20261001T003338Z
ws-07497e4b,Alabama Hills 2 LONEPINECOMMUNICATIONS,"calibrated (T0 published pointing; sun ok x1, az +0.6 el +1.1) 2026-10-01",,,,,,,,,,,,,,,consistent,1,0.6,1.08,,,,,,20261001T003543Z
ws-e00b3c2a,Aliso Laguna 1 HPWREN,"calibrated (T0 published pointing; sun ok x4, az +0.1 el +1.6) 2026-10-02",,,,,,,,,,,,,,,consistent,4,0.06,1.6,,,,,,20261002T140906Z
ws-799888c3,Allen Peak RIDGEWIRELESS,"in progress (skyline fit asks for pan +3.9 deg, unconfirmed)","pan, tilt, roll, focal",3.87,-1.05,-0.03,1.082,35.0,2.5,8,1.37,29.4,180.9,-1.72,53.95,20261001T021518Z,,,,,,,,,,
ws-ca42626e,Antelope Eagle Lake 1 DIGITALPATH,"calibrated (T2 skyline, flat horizon: tilt -1.17 roll +2.49; sun ok x3) 2026-10-01","tilt, roll",,-1.17,2.49,,29.9,2.0,8,1.56,59.2,283.7,-0.86,63.59,20261001T020717Z,consistent,5,-0.33,-0.1,2,-1.3,-1.06,-0.46,-1.17,20261001T010809Z
ws-e1ffea68,Antelope Eagle Lake 2 DIGITALPATH,"calibrated (T2 skyline, flat horizon: tilt -0.02 roll +2.28) 2026-10-01","tilt, roll",,-0.02,2.28,,18.7,1.9,8,0.71,83.5,51.9,-0.88,65.33,20261001T021204Z,,,,,,,,,,
ws-8cc0664f,Antelope Mtn Yreka 1 DIGITALPATH,calibrated (T2 skyline: pan +0.01 tilt -0.88 roll -0.46 focal x1.017; sun ok x4) 2026-10-02,"pan, tilt, roll, focal",0.01,-0.88,-0.46,1.017,24.7,1.0,2,3.71,41.7,112.15,-0.26,65.33,20261001T220450Z,consistent,4,-0.04,1.08,,,,,,20261002T150925Z
ws-a5b4e56c,Antelope Mtn Yreka 2 DIGITALPATH,calibrated (T2 skyline: pan +0.44 tilt +1.79 roll +2.40 focal x0.989) 2026-10-01,"pan, tilt, roll, focal",0.44,1.79,2.4,0.989,51.3,1.9,8,2.17,33.3,177.96,-3.0,65.33,20261001T021237Z,,,,,,,,,,
ws-652106e1,Anthony Peak Lookout 1 DIGITALPATH,"calibrated (T2 skyline, flat horizon: tilt +1.59 roll +2.18) 2026-10-01","tilt, roll",,1.59,2.18,,43.7,1.7,3,1.86,24.1,15.57,-3.62,64.32,20261001T180718Z,,,,,,,,,,
ws-d2cc8c3c,Anthony Peak Lookout 2 DIGITALPATH,"calibrated (T2 skyline, flat horizon: tilt +0.16 roll -3.69; sun ok x5) 2026-10-01","tilt, roll",,0.16,-3.69,,29.6,0.5,8,0.64,56.2,256.54,-3.02,65.33,20261001T021328Z,consistent,6,0.23,-0.41,3,0.94,-0.34,0.06,-0.32,20261001T011051Z
ws-8b02ef8a,Arapahoe Ridge BOULDER COUNTY,"calibrated (T0 published pointing; sun ok x5, az -0.4 el -0.6) 2026-10-01",,,,,,,,,,,,,,,consistent,5,-0.41,-0.57,,,,,,20261001T231851Z
ws-ca42834c,Argonaut REMOTELYLOCATED,"calibrated (T2 skyline, flat horizon: tilt +0.14 roll +0.76) 2026-10-01","tilt, roll",,0.14,0.76,,5.0,2.9,8,0.81,53.5,65.31,-2.41,65.33,20261001T020728Z,,,,,,,,,,
ws-ca062b6f,Artois DIGITALPATH,"calibrated (T0 published pointing; sun ok x4, az -2.0 el -1.6) 2026-10-02",,,,,,,,,,,,,,,consistent,4,-2.0,-1.57,,,,,,20261002T144112Z
ws-6f99e6db,Atascadero HWY41 1 RANCHWIFI,calibrated (T2 skyline: pan -0.82 tilt -1.15 roll -1.40 focal x1.011; sun ok x4) 2026-10-02,"pan, tilt, roll, focal",-0.82,-1.15,-1.4,1.011,33.3,2.9,3,5.21,2.4,90.12,1.77,65.33,20261001T181200Z,consistent,4,-0.38,0.54,,,,,,20261002T144019Z
ws-efe8954b,Atlas Peak West NAPA,"calibrated (T2 skyline, flat horizon: tilt +0.54 roll +0.81) 2026-10-01","tilt, roll",,0.54,0.81,,10.8,2.0,8,0.75,52.2,346.54,-5.4,62.8,20261001T021056Z,,,,,,,,,,
ws-9593e284,Avalon 2 (Catalina) GEOLINKS,calibrated (T2 skyline: pan +0.72 tilt -1.17 roll -2.62 focal x0.991) 2026-10-01,"pan, tilt, roll, focal",0.72,-1.17,-2.62,0.991,36.5,1.1,5,3.42,3.4,240.19,-0.81,60.44,20261001T150705Z,,,,,,,,,,
ws-6a53461c,Bailey Peak 1 GEOLINKS,calibrated (T2 skyline: pan -0.23 tilt -1.99 roll -0.72 focal x1.014; sun ok x2) 2026-10-01,"pan, tilt, roll, focal",-0.23,-1.99,-0.72,1.014,50.0,1.4,6,4.12,22.3,266.6,4.0,65.33,20261001T151133Z,consistent,2,0.38,2.44,2,0.38,2.44,0.18,0.34,20261002T011933Z
ws-3c904839,Bailey Peak 2 GEOLINKS,calibrated (T2 skyline: pan +0.30 tilt +0.03 roll -1.61 focal x1.025; sun ok x1; <1 image/min) 2026-10-01,"pan, tilt, roll, focal",0.3,0.03,-1.61,1.025,14.5,0.8,8,2.48,48.2,114.59,-2.24,65.33,20261001T020559Z,consistent,4,-0.82,0.82,1,-0.89,0.91,-0.37,0.27,20261001T141017Z
ws-4c2c0edb,Bald Hill East DIGITALPATH,calibrated (T2 skyline: pan +0.29 tilt -0.22 roll -1.21 focal x1.006) 2026-10-01,"pan, tilt, roll, focal",0.29,-0.22,-1.21,1.006,9.3,1.1,8,3.26,12.2,156.28,-0.01,65.33,20261001T020505Z,,,,,,,,,,
ws-e67aa115,Bald Hill West DIGITALPATH,calibrated (T2 skyline: pan +0.37 tilt +0.45 roll -2.62 focal x1.010; <1 image/min) 2026-10-01,"pan, tilt, roll, focal",0.37,0.45,-2.62,1.01,23.3,1.6,8,3.2,12.3,162.93,-0.4,65.33,20261001T140535Z,,,,,,,,,,
ws-b278eff0,Bald Mtn Butte 1 DIGITALPATH,"calibrated (T2 skyline, flat horizon: tilt +0.28 roll -1.08) 2026-10-01","tilt, roll",,0.28,-1.08,,5.7,2.1,6,1.48,112.7,147.06,-3.98,62.8,20261001T020646Z,,,,,,,,,,
ws-a0c66d2b,Bald Mtn Butte 2 DIGITALPATH,"calibrated (T2 skyline, flat horizon: tilt +1.72 roll +2.73) 2026-10-01","tilt, roll",,1.72,2.73,,44.4,2.4,8,2.23,41.0,351.2,-2.5,62.8,20261001T020940Z,,,,,,,,,,
ws-0683dfbb,Bald Mtn Guinda 1 DIGITALPATH,"calibrated (T2 skyline, flat horizon: tilt +0.65 roll +3.30; sun ok x5) 2026-10-01","tilt, roll",,0.65,3.3,,28.4,1.7,8,0.7,11.7,270.66,-2.39,65.33,20261001T020913Z,consistent,5,0.59,-2.27,5,0.59,-2.27,1.56,-1.05,20261001T003922Z
ws-428af46a,Bald Mtn La Porte DIGITALPATH,"calibrated (T2 skyline, flat horizon: tilt -0.46 roll +1.12) 2026-10-01","tilt, roll",,-0.46,1.12,,8.6,3.0,8,0.89,93.3,186.79,-1.58,65.33,20261001T021405Z,,,,,,,,,,
ws-12759ea1,Bald Mtn Napa VALLEY,calibrated (T2 skyline: pan -0.35 tilt -0.87 roll +2.67 focal x1.006; sun ok x3) 2026-10-02,"pan, tilt, roll, focal",-0.35,-0.87,2.67,1.006,30.4,1.0,8,2.92,29.0,112.93,-5.31,65.33,20261001T021056Z,consistent,3,1.27,3.26,,,,,,20261002T143055Z
ws-f760694d,Bald Mtn Sequoia 1 SIO/UCSD,"calibrated (T2 skyline, flat horizon: tilt +0.15 roll +2.31) 2026-10-01","tilt, roll",,0.15,2.31,,18.6,1.0,8,1.62,50.8,338.8,-5.12,65.33,20261001T151513Z,,,,,,,,,,
ws-8fb0cfe9,Bald Mtn Sequoia 2 SIO/UCSD,calibrated (T2 skyline: pan -0.40 tilt +0.44 roll +0.43 focal x1.093) 2026-10-01,"pan, tilt, roll, focal",-0.4,0.44,0.43,1.093,5.9,1.0,8,2.13,12.6,198.63,-4.09,65.33,20261001T020954Z,,,,,,,,,,
ws-a37bc8ee,Bald Mtn Tower (LAC) 1 SIO/UCSD,calibrated (T2 skyline: pan +0.14 tilt -0.55 roll +0.40 focal x1.006; sun ok x4) 2026-10-01,"pan, tilt, roll, focal",0.14,-0.55,0.4,1.006,17.1,1.1,7,2.07,22.8,258.41,-5.63,65.33,20261001T150808Z,consistent,4,-0.3,0.88,2,0.29,0.76,0.5,0.1,20261001T005851Z
ws-37eddce5,Baldwin Hills 2 GEOLINKS,"calibrated (T0 published pointing; sun ok x4, az -0.2 el +0.5; <1 image/min) 2026-10-02",,,,,,,,,,,,,,,consistent,4,-0.21,0.49,,,,,,20261002T143035Z
ws-937f0149,Baldwin Lake 1 DESERTTECH,calibrated (T2 skyline: pan -0.60 tilt +0.72 roll +0.88 focal x1.033; sun ok x4) 2026-10-01,"pan, tilt, roll, focal",-0.6,0.72,0.88,1.033,17.4,2.1,7,3.48,10.4,243.84,-1.12,62.8,20261001T150922Z,consistent,4,1.02,-0.56,4,1.02,-0.56,0.05,-0.37,20261001T011037Z
ws-d4148a02,Baldwin Lake 2 DESERTTECH,calibrated (T2 skyline: pan -0.31 tilt +0.12 roll +0.38 focal x1.019; sun ok x5) 2026-10-01,"pan, tilt, roll, focal",-0.31,0.12,0.38,1.019,3.8,0.8,8,5.12,10.4,256.51,-1.05,62.8,20261001T131146Z,consistent,5,0.33,-0.49,5,0.33,-0.49,-0.02,-0.57,20261001T004653Z
ws-74fe930d,Ballard Ridge 1 REMOTELYLOCATED,calibrated (T2 skyline: pan +0.51 tilt +0.16 roll -0.72 focal x1.010; <1 image/min) 2026-10-01,"pan, tilt, roll, focal",0.51,0.16,-0.72,1.01,6.1,3.0,8,1.68,82.3,295.15,-5.73,65.33,20261001T021347Z,,,,,,,,,,
ws-c7f20129,Ballard Ridge 2 REMOTELYLOCATED,"calibrated (T0 published pointing; sun ok x1, az +0.0 el +0.4; <1 image/min) 2026-10-01",,,,,,,,,,,,,,,consistent,1,0.04,0.37,,,,,,20261001T141022Z
ws-fd93cd12,Banner Mtn 1 DIGITALPATH,"calibrated (T0 published pointing; sun ok x2, az -0.2 el -0.3) 2026-10-01",,,,,,,,,,,,,,,consistent,3,-0.63,-0.07,,,,,,20261002T011943Z
ws-9b927d93,Barham North SONOMA,"in progress (skyline fit asks for pan +1.6 deg, unconfirmed)","pan, tilt, roll, focal",1.6,3.53,-1.48,1.053,92.1,1.2,8,2.52,25.1,354.24,-6.14,62.8,20261001T021258Z,,,,,,,,,,
ws-701f41e0,Barnabe Peak East BOLINASLAN,calibrated (T2 skyline: pan -1.23 tilt -1.07 roll -0.99 focal x1.000; sun ok x2) 2026-10-02,"pan, tilt, roll, focal",-1.23,-1.07,-0.99,1.0,34.2,2.1,8,1.17,11.5,89.99,-2.54,62.8,20261001T020505Z,consistent,2,0.39,2.06,,,,,,20261002T142945Z
ws-63121732,Barnabe Peak West BOLINASLAN,"calibrated (T2 skyline, flat horizon: tilt +0.36 roll +0.54; sun ok x1) 2026-10-01","tilt, roll",,0.36,0.54,,4.9,2.7,8,0.44,50.1,244.91,-8.4,65.33,20261001T020725Z,consistent,2,-0.04,-0.35,2,-0.04,-0.35,-0.23,-0.39,20261002T014539Z
ws-1345d924,Barr Ranch 2 DIGITALPATH,"calibrated (T0 published pointing; sun ok x2, az -0.3 el +2.4) 2026-10-01",,,,,,,,,,,,,,,consistent,3,-0.13,2.75,,,,,,20261002T011900Z
ws-cf7a240b,Barry Ridge (Kneeland) GEOLINKS,"calibrated (T2 skyline, flat horizon: tilt -0.13 roll +1.32) 2026-10-01","tilt, roll",,-0.13,1.32,,10.4,1.4,8,2.01,20.8,154.82,1.32,62.8,20261001T140702Z,,,,,,,,,,
ws-a7d1c567,Beacon Hill 2 VERIZON,"calibrated (T0 published pointing; sun ok x1, az -0.2 el +0.1) 2026-10-01",,,,,,,,,,,,,,,consistent,4,-0.32,-0.02,,,,,,20261002T142943Z
ws-76b0fd93,Bealville 2 GEOLINKS,calibrated (T2 skyline: pan -0.02 tilt -1.65 roll -1.05 focal x1.012; sun ok x2) 2026-10-01,"pan, tilt, roll, focal",-0.02,-1.65,-1.05,1.012,45.1,0.7,8,2.37,10.7,79.1,1.35,65.33,20261001T021133Z,consistent,4,0.72,2.74,2,0.42,-0.91,-0.05,-2.12,20261001T141015Z
ws-d8eee7b7,Bear Mtn Shasta 2 DIGITALPATH,calibrated (T2 skyline: pan -0.75 tilt -0.20 roll +2.24 focal x1.055; sun ok x5) 2026-10-01,"pan, tilt, roll, focal",-0.75,-0.2,2.24,1.055,15.2,3.0,8,1.54,34.3,250.49,1.86,65.33,20261001T021309Z,consistent,5,0.34,-0.35,5,0.34,-0.35,-0.33,-1.24,20261002T004421Z
ws-5646b80d,Bear Mtn. Kern 1 GEOLINKS,calibrated (T2 skyline: pan +0.75 tilt +0.54 roll -3.63 focal x1.016) 2026-10-01,"pan, tilt, roll, focal",0.75,0.54,-3.63,1.016,26.8,0.6,6,1.67,25.7,163.49,-5.54,65.33,20261001T150603Z,,,,,,,,,,
ws-9c06df25,Bear Peak South 2 BEARMTNRESORTS,candidate,,,,,,,,,,,,,,,offset,2,-3.86,-5.31,,,,,,20261002T004051Z
ws-cae9dfbb,Beckwourth Peak 1 DIGITALPATH,"calibrated (T0 published pointing; sun ok x2, az +0.2 el -1.0) 2026-10-01",,,,,,,,,,,,,,,consistent,2,0.22,-0.99,,,,,,20261002T012556Z
ws-e267f5c2,Beckwourth Peak 2 DIGITALPATH,calibrated (T2 skyline: pan +1.27 tilt -1.39 roll +3.15 focal x1.077) 2026-10-01,"pan, tilt, roll, focal",1.27,-1.39,3.15,1.077,47.4,2.4,8,1.35,50.8,327.54,-3.35,65.33,20261001T020506Z,,,,,,,,,,
ws-9b398317,Bel Air Ridge 1 SIO/UCSD,"calibrated (T0 published pointing; sun ok x1, az +1.0 el -0.7) 2026-10-01",,,,,,,,,,,,,,,consistent,4,0.32,-1.0,,,,,,20261002T142031Z
ws-62b4af62,Bel Air Ridge 2 SIO/UCSD,"calibrated (T2 skyline, flat horizon: tilt +1.72 roll +1.02) 2026-10-01","tilt, roll",,1.72,1.02,,46.0,3.0,8,2.45,33.3,54.93,-0.98,65.33,20261001T151046Z,,,,,,,,,,
ws-1879c1ef,Bell Canyon North HPWREN,calibrated (T2 skyline: pan -0.41 tilt +0.82 roll +0.02 focal x1.036) 2026-10-01,"pan, tilt, roll, focal",-0.41,0.82,0.02,1.036,16.0,2.4,8,4.43,11.1,8.38,-5.34,62.8,20261001T150548Z,,,,,,,,,,
ws-60805d9d,Ben Bolte 1 REMOTELYLOCATED,"calibrated (T2 skyline, flat horizon: tilt -1.38 roll +0.98; sun ok x1) 2026-10-01","tilt, roll",,-1.38,0.98,,47.4,1.8,6,0.47,105.2,279.15,0.17,55.2,20261001T161529Z,consistent,2,0.83,1.32,,,,,,20261002T011825Z
ws-a5fe3e15,Ben Bolte 2 REMOTELYLOCATED,"calibrated (T2 skyline, flat horizon: tilt -1.10 roll -0.45) 2026-10-01","tilt, roll",,-1.1,-0.45,,33.1,2.8,6,1.15,47.8,30.8,-1.81,65.33,20261001T161411Z,,,,,,,,,,
ws-da7bf3cf,Big John DIGITALPATH,"calibrated (T0 published pointing; sun ok x1, az +0.3 el -2.4) 2026-10-01",,,,,,,,,,,,,,,consistent,2,0.2,-2.4,,,,,,20261002T012033Z
ws-3989a9f7,Big Rock Ridge BOLINASLAN,"calibrated (T2 skyline, flat horizon: tilt -0.54 roll +0.74; <1 image/min) 2026-10-01","tilt, roll",,-0.54,0.74,,14.8,1.0,5,0.86,75.3,353.77,0.4,65.33,20261001T161154Z,,,,,,,,,,
ws-b3f23aaa,Big Valley DIGITALPATH,"calibrated (T2 skyline, flat horizon: tilt +0.22 roll +2.13; sun ok x5) 2026-10-01","tilt, roll",,0.22,2.13,,17.4,0.9,8,2.88,51.6,254.41,-1.52,65.33,20261001T020848Z,consistent,5,-0.29,-1.09,4,-0.33,-1.08,0.07,-1.15,20261001T005718Z
ws-6feacfdd,Birch Hill 1 (Palomar) HPWREN,calibrated (T2 skyline: pan +0.44 tilt +1.54 roll +0.80 focal x1.012) 2026-10-01,"pan, tilt, roll, focal",0.44,1.54,0.8,1.012,40.5,0.7,8,1.04,57.5,139.93,-3.02,65.33,20261001T131332Z,,,,,,,,,,
ws-047f6499,Birch Hill 2 (Palomar) HPWREN,"calibrated (T0 published pointing; sun ok x2, az +0.2 el -0.9) 2026-10-01",,,,,,,,,,,,,,,consistent,3,0.55,0.78,,,,,,20261002T011819Z
ws-4a270678,Bird Springs 1 KERN,calibrated (T2 skyline: pan +0.05 tilt +1.50 roll -0.86 focal x1.009; sun ok x5) 2026-10-01,"pan, tilt, roll, focal",0.05,1.5,-0.86,1.009,37.6,0.9,8,1.74,20.9,238.79,-2.82,65.33,20261001T151004Z,consistent,5,0.3,-2.13,5,0.3,-2.13,0.11,-0.5,20261001T005459Z
ws-753da5f7,Bird Springs 2 KERN,"calibrated (T2 skyline, flat horizon: tilt -3.24 roll +3.39; sun ok x1) 2026-10-01","tilt, roll",,-3.24,3.39,,87.6,1.6,4,2.88,89.9,69.86,-3.32,65.33,20261001T131423Z,consistent,4,-0.1,2.46,4,-0.1,2.46,-0.14,-2.1,20261002T140917Z
ws-cc389a4c,Black Mtn Lassen DIGITALPATH,calibrated (T2 skyline: pan -0.15 tilt +0.06 roll -0.74 focal x1.012; sun ok x5) 2026-10-01,"pan, tilt, roll, focal",-0.15,0.06,-0.74,1.012,5.8,0.6,8,1.07,37.2,263.34,-1.58,65.33,20261001T021131Z,consistent,5,-0.17,-0.17,4,-0.11,-0.18,-0.33,-0.36,20261001T003731Z
ws-d823fa4c,Black Mtn SCC RIDGEWIRELESS,"calibrated (T2 skyline, flat horizon: tilt -2.42 roll +0.62) 2026-10-01","tilt, roll",,-2.42,0.62,,68.4,2.1,8,0.81,73.3,304.23,-1.78,65.33,20261001T021410Z,,,,,,,,,,
ws-37476f9f,Black Mtn SLO SANLUISOBISPO,"calibrated (T0 published pointing; sun ok x1, az -0.5 el +2.3) 2026-10-01",,,,,,,,,,,,,,,consistent,4,-0.48,1.97,,,,,,20261002T142114Z
ws-f80d31e8,Black Oak CALFIRE,"calibrated (T2 skyline, flat horizon: tilt -1.44 roll +1.46; sun ok x1) 2026-10-01","tilt, roll",,-1.44,1.46,,40.6,1.5,8,1.41,58.2,110.65,-2.05,65.33,20261001T021345Z,consistent,2,-1.55,0.1,1,-1.0,0.07,-0.5,-1.35,20261001T150533Z
ws-8e555f18,Bloomer Lookout 1 DIGITALPATH,"calibrated (T0 published pointing; sun ok x4, az +1.0 el +2.0) 2026-10-02",,,,,,,,,,,,,,,consistent,4,0.96,1.97,,,,,,20261002T143141Z
ws-2ac73dab,Bloomer Lookout 2 DIGITALPATH,"calibrated (T0 published pointing; sun ok x2, az +0.8 el +0.4) 2026-10-02",,,,,,,,,,,,,,,consistent,2,0.75,0.39,,,,,,20261002T013713Z
ws-2f64b8cf,Blue Canyon DIGITALPATH,calibrated (T2 skyline: pan +0.60 tilt +0.29 roll -1.01 focal x0.932) 2026-10-01,"pan, tilt, roll, focal",0.6,0.29,-1.01,0.932,12.5,1.3,8,1.77,21.0,140.01,0.0,48.34,20261001T020733Z,,,,,,,,,,
ws-f6bf5325,Blue Mountain (Modoc) 2 REMOTELYLOCATED,"calibrated (T2 skyline, flat horizon: tilt -1.55 roll +0.47) 2026-10-01","tilt, roll",,-1.55,0.47,,41.4,2.4,8,0.76,50.0,11.4,-2.48,65.33,20261001T020612Z,,,,,,,,,,
ws-1cbd5f66,Blue Mtn Kern 1 KERN,"calibrated (T0 published pointing; sun ok x1, az +0.5 el +1.2; <1 image/min) 2026-10-01",,,,,,,,,,,,,,,consistent,3,0.55,1.23,,,,,,20261001T141158Z
ws-38637821,Blue Mtn Kern 2 KERN,calibrated (T2 skyline: pan -0.23 tilt -0.83 roll -0.09 focal x0.991; <1 image/min) 2026-10-01,"pan, tilt, roll, focal",-0.23,-0.83,-0.09,0.991,18.8,1.4,8,2.56,19.6,63.12,-7.61,65.33,20261001T021303Z,,,,,,,,,,
ws-a65fdf65,Bodega Bay SONOMA,calibrated (T2 skyline: pan -0.02 tilt +0.64 roll -0.23 focal x1.014; sun ok x2) 2026-10-02,"pan, tilt, roll, focal",-0.02,0.64,-0.23,1.014,14.8,2.5,8,1.3,45.4,71.59,-7.46,65.33,20261001T020704Z,consistent,2,-1.2,2.58,2,-1.2,2.58,-1.53,3.1,20261002T143926Z
ws-3e10b01a,Bonny Doon RIDGEWIRELESS,"calibrated (T2 skyline, flat horizon: tilt +0.59 roll +1.90; sun ok x1) 2026-10-02","tilt, roll",,0.59,1.9,,19.7,2.5,8,0.74,29.4,69.72,-7.5,65.33,20261001T021017Z,consistent,1,-1.08,-0.54,,,,,,20261002T142039Z
ws-1791269d,Boonville Mtn 1 DIGITALPATH,calibrated (T2 skyline: pan -0.42 tilt -1.44 roll +1.56 focal x0.998) 2026-10-01,"pan, tilt, roll, focal",-0.42,-1.44,1.56,0.998,37.5,1.0,8,2.46,14.7,332.52,-3.29,65.33,20261001T140522Z,,,,,,,,,,
ws-9a107336,Boonville Mtn 2 DIGITALPATH,calibrated (T2 skyline: pan +0.16 tilt +0.13 roll +1.12 focal x1.011; sun ok x1) 2026-10-01,"pan, tilt, roll, focal",0.16,0.13,1.12,1.011,10.1,1.4,8,3.94,6.7,105.23,1.72,65.33,20261001T021213Z,consistent,4,-0.08,0.6,1,-0.42,0.07,-0.07,0.16,20261001T150633Z
ws-01bdab89,Box Springs Mtn 1 GEOLINKS,"calibrated (T2 skyline, flat horizon: tilt -1.03 roll -0.89) 2026-10-01","tilt, roll",,-1.03,-0.89,,33.3,1.3,7,2.01,36.1,223.22,-5.65,65.33,20261001T151417Z,,,,,,,,,,
ws-427febb0,Box Springs Mtn 2 GEOLINKS,"calibrated (T0 published pointing; sun ok x1, az -0.2 el -2.0) 2026-10-01",,,,,,,,,,,,,,,consistent,4,-0.16,-1.48,,,,,,20261002T142026Z
ws-21a0f9df,Breckenridge Peak 2 KERN,"calibrated (T2 skyline, flat horizon: tilt +1.81 roll -1.75) 2026-10-01","tilt, roll",,1.81,-1.75,,49.0,1.6,7,0.81,58.7,186.4,-7.59,60.44,20261001T151244Z,,,,,,,,,,
ws-80556123,Bryant Canyon 2 GEOLINKS,calibrated (T2 skyline: pan +0.11 tilt -1.05 roll +1.46 focal x1.010; sun ok x1) 2026-10-01,"pan, tilt, roll, focal",0.11,-1.05,1.46,1.01,30.9,1.2,8,2.68,4.6,85.78,0.1,65.33,20261001T020712Z,consistent,4,0.15,1.57,1,-0.22,0.31,-0.03,-1.27,20261001T151342Z
ws-b5a229e0,Buckhorn Peak GEOLINKS,"calibrated (T0 published pointing; sun ok x2, az +0.1 el +2.5) 2026-10-01",,,,,,,,,,,,,,,consistent,4,0.18,2.4,,,,,,20261002T144107Z
ws-a069a16b,Buckingham Peak 1 DIGITALPATH,"calibrated (T0 published pointing; sun ok x1, az -1.1 el +0.3; <1 image/min) 2026-10-01",,,,,,,,,,,,,,,consistent,1,-1.08,0.29,,,,,,20261001T141412Z
ws-f27b55f8,Buena Vista Kern 2 GEOLINKS,"calibrated (T0 published pointing; sun ok x1, az +0.3 el -1.7) 2026-10-01",,,,,,,,,,,,,,,consistent,4,-0.82,-1.92,,,,,,20261002T141939Z
ws-ba6a6f6e,Buffalo Bump South HPWREN,calibrated (T2 skyline: pan +0.33 tilt -2.20 roll -1.15 focal x1.010; sun ok x3) 2026-10-02,"pan, tilt, roll, focal",0.33,-2.2,-1.15,1.01,64.6,2.4,3,1.32,77.8,110.41,-7.55,65.07,20261001T181319Z,consistent,3,0.07,2.05,,,,,,20261002T141036Z
ws-c34d158e,Bunch Grass Lookout 1 DIGITALPATH,"calibrated (T2 skyline, flat horizon: tilt -0.74 roll -1.05) 2026-10-01","tilt, roll",,-0.74,-1.05,,10.2,1.4,8,2.3,69.0,1.72,2.24,65.33,20261001T021458Z,,,,,,,,,,
ws-e116b099,Bunch Grass Lookout 2 DIGITALPATH,"calibrated (T2 skyline, flat horizon: tilt -0.14 roll +2.59) 2026-10-01","tilt, roll",,-0.14,2.59,,21.7,1.1,8,0.6,73.3,38.39,-2.08,65.33,20261001T021429Z,,,,,,,,,,
ws-63f4410d,Burnt Peak 2 SIO/UCSD,"calibrated (T2 skyline, flat horizon: tilt -0.73 roll +0.95) 2026-10-01","tilt, roll",,-0.73,0.95,,17.3,2.9,8,1.72,109.6,40.35,-2.57,65.33,20261001T020810Z,,,,,,,,,,
ws-a37c898f,Butler Hill 2 (South Mtn) GEOLINKS,"calibrated (T2 skyline, flat horizon: tilt +0.29 roll -1.72) 2026-10-01","tilt, roll",,0.29,-1.72,,15.3,1.1,8,2.37,36.8,327.84,2.93,62.8,20261001T020917Z,,,,,,,,,,
ws-5dc05cc0,Cactus Peak 2 GEOLINKS,calibrated (T2 skyline: pan -0.38 tilt -1.97 roll +0.32 focal x1.013) 2026-10-01,"pan, tilt, roll, focal",-0.38,-1.97,0.32,1.013,52.0,1.4,8,2.37,8.6,65.14,-3.57,65.33,20261001T020731Z,,,,,,,,,,
ws-1ab8cb13,California Valley 1 RANCHWIFI,calibrated (T2 skyline: pan +0.13 tilt -0.10 roll +1.16 focal x0.995; sun ok x1) 2026-10-01,"pan, tilt, roll, focal",0.13,-0.1,1.16,0.995,9.6,0.6,7,1.82,14.3,276.81,-2.46,62.87,20261001T151147Z,consistent,3,-0.15,0.52,3,-0.15,0.52,0.04,0.71,20261002T012705Z
ws-77abd68f,California Valley 2 RANCHWIFI,"calibrated (T2 skyline, flat horizon: tilt -0.21 roll +0.44; sun ok x1) 2026-10-01","tilt, roll",,-0.21,0.44,,7.2,1.7,8,1.28,20.4,88.43,-2.42,65.33,20261001T020652Z,consistent,4,-0.02,0.59,4,-0.02,0.59,-0.13,0.18,20261001T141049Z
ws-45b85150,Camarillo Ranch 2 GEOLINKS,candidate,,,,,,,,,,,,,,,offset,2,3.27,-3.32,,,,,,20261002T150930Z
ws-6410b0ae,Cambria 2 GEOLINKS,"calibrated (T0 published pointing; sun ok x4, az -0.4 el -3.0) 2026-10-02",,,,,,,,,,,,,,,consistent,4,-0.4,-3.04,,,,,,20261002T145021Z
ws-ca456e2b,Cameron FURTHERREACH,"calibrated (T2 skyline, flat horizon: tilt +0.22 roll +0.16) 2026-10-01","tilt, roll",,0.22,0.16,,3.7,0.6,8,1.43,18.4,232.38,-7.2,65.33,20261001T021016Z,unclear,1,-1.35,-6.07,1,-1.35,-6.07,-1.74,-6.11,20261001T010601Z
ws-b5adb16b,Carbon Canyon 1 SIO/UCSD,calibrated (T2 skyline: pan -0.00 tilt +1.20 roll +0.32 focal x0.988) 2026-10-01,"pan, tilt, roll, focal",-0.0,1.2,0.32,0.988,36.6,0.4,8,1.89,41.3,11.58,-3.52,60.6,20261001T150948Z,,,,,,,,,,
ws-5db5d62e,Carbon Canyon 2 SIO/UCSD,"calibrated (T0 published pointing; sun ok x1, az +0.1 el +2.4) 2026-10-01",,,,,,,,,,,,,,,consistent,4,-0.03,2.27,,,,,,20261002T140857Z
ws-38d751d6,Cartago 2 LONEPINECOMMUNICATIONS,calibrated (T2 skyline: pan -0.34 tilt +0.04 roll +0.77 focal x1.021) 2026-10-01,"pan, tilt, roll, focal",-0.34,0.04,0.77,1.021,6.8,1.9,5,13.09,7.7,209.99,2.97,65.33,20261001T160824Z,,,,,,,,,,
ws-1cf9c87f,Castanea Ridge CRUZIO,"calibrated (T2 skyline, flat horizon: tilt +3.15 roll -1.21; sun ok x2) 2026-10-01","tilt, roll",,3.15,-1.21,,74.0,1.4,8,0.57,45.0,248.88,-9.37,65.07,20261001T020607Z,consistent,4,0.55,-2.91,4,0.55,-2.91,0.06,0.18,20261001T010529Z
ws-abcab434,Castro Peak 2 GEOLINKS,"calibrated (T2 skyline, flat horizon: tilt +0.60 roll -0.12) 2026-10-01","tilt, roll",,0.6,-0.12,,14.7,1.0,8,0.69,69.1,36.23,-2.16,62.8,20261001T020551Z,,,,,,,,,,
ws-f5b89797,Cedar Canyon 2 GEOLINKS,calibrated (T2 skyline: pan -0.08 tilt +2.81 roll +0.62 focal x1.023; sun ok x4; <1 image/min) 2026-10-01,"pan, tilt, roll, focal",-0.08,2.81,0.62,1.023,74.8,1.2,8,1.11,30.7,240.23,-2.53,65.33,20261001T021054Z,consistent,4,0.2,-3.0,4,0.2,-3.0,-0.11,-0.72,20261001T005253Z
ws-4cba49d0,Chalk Mtn Lookout CALSTATEPARKS,calibrated (T2 skyline: pan -0.66 tilt +1.55 roll +1.42 focal x1.033; sun ok x1; <1 image/min) 2026-10-01,"pan, tilt, roll, focal",-0.66,1.55,1.42,1.033,40.0,1.2,8,1.09,19.1,83.06,-3.46,65.33,20261001T021413Z,consistent,2,-0.29,-1.33,1,0.4,-1.38,-0.45,-0.78,20261001T150804Z
ws-da5c8d5d,Cherry Lake Rd CONIFER,calibrated (T2 skyline: pan +1.15 tilt -2.97 roll -0.14 focal x0.968; <1 image/min) 2026-10-01,"pan, tilt, roll, focal",1.15,-2.97,-0.14,0.968,72.8,1.9,8,3.47,5.4,215.45,0.08,64.57,20261001T021254Z,,,,,,,,,,
ws-864e8f0f,Chews Ridge Observatory RAZZOLINK,"calibrated (T0 published pointing; sun ok x2, az -0.1 el -0.7) 2026-10-01",,,,,,,,,,,,,,,consistent,4,-0.23,-0.69,,,,,,20261001T151229Z
ws-9bbfc82d,Chino Hills West 2 GEOLINKS,"calibrated (T0 published pointing; sun ok x1, az -0.8 el +2.1) 2026-10-01",,,,,,,,,,,,,,,consistent,1,-0.84,2.06,,,,,,20261001T141004Z
ws-83b56932,Cisco Buttes 1 DIGITALPATH,candidate,,,,,,,,,,,,,,,offset,5,-6.84,-0.06,,,,,,20261002T012623Z
ws-11d058aa,Cleland Mtn 1 DIGITALPATH,"calibrated (T0 published pointing; sun ok x2, az +0.3 el -0.3) 2026-10-01",,,,,,,,,,,,,,,consistent,2,0.35,-0.31,,,,,,20261001T011231Z
ws-317ad48e,Cobb Mtn 2 DIGITALPATH,"calibrated (T2 skyline, flat horizon: tilt -0.93 roll +1.93) 2026-10-01","tilt, roll",,-0.93,1.93,,31.6,2.5,8,0.33,148.2,60.58,-5.98,62.8,20261001T021502Z,,,,,,,,,,
ws-cac9d8b2,Cohasset Hill 1 GEOLINKS,calibrated (T2 skyline: pan +0.47 tilt -0.41 roll -0.28 focal x1.042; sun ok x1) 2026-10-01,"pan, tilt, roll, focal",0.47,-0.41,-0.28,1.042,15.8,0.9,8,2.38,23.6,108.39,-1.61,62.8,20261001T020914Z,consistent,4,-0.06,0.39,1,-0.32,0.67,0.23,-0.32,20261001T151346Z
ws-561f6b26,Colby Mtn. 2 DIGITALPATH,"calibrated (T0 published pointing; sun ok x4, az +0.0 el -0.5; <1 image/min) 2026-10-01",,,,,,,,,,,,,,,consistent,4,0.01,-0.52,,,,,,20261001T003727Z
ws-3cfda786,Cold Springs Mtn PICOGRID,"calibrated (T0 published pointing; sun ok x1, az +0.2 el -1.1; <1 image/min) 2026-10-01",,,,,,,,,,,,,,,consistent,1,0.19,-1.07,,,,,,20261001T011508Z
ws-2ebe62a7,Coll of San Mateo Bldg10 CSM,"calibrated (T0 published pointing; sun ok x4, az -0.4 el +0.8) 2026-10-01",,,,,,,,,,,,,,,consistent,4,-0.42,0.83,,,,,,20261002T011832Z
ws-2324325d,Coll of San Mateo Bldg36 CSM,calibrated (T2 skyline: pan +1.17 tilt +0.20 roll -4.00 focal x1.018; sun ok x3) 2026-10-01,"pan, tilt, roll, focal",1.17,0.2,-4.0,1.018,34.6,1.6,8,2.96,8.3,280.59,-1.45,65.33,20261001T020713Z,consistent,3,-0.64,0.96,3,-0.64,0.96,0.14,-0.53,20261001T010010Z
ws-33b758b6,Concow Mtn DIGITALPATH,candidate,,,,,,,,,,,,,,,unclear,1,-2.49,-1.82,,,,,,20261001T150707Z
ws-daeead50,Constantia DIGITALPATH,calibrated (T2 skyline: pan +0.16 tilt +1.30 roll +0.94 focal x1.008) 2026-10-01,"pan, tilt, roll, focal",0.16,1.3,0.94,1.008,35.8,1.0,8,2.9,27.2,215.4,-3.6,65.33,20261001T021213Z,,,,,,,,,,
ws-10af41e4,Cordelia Green Valley LAFAYETTEPD,slow (<1 image/min),,,,,,,,,,,,,,,offset,3,-0.33,-4.52,,,,,,20261002T143138Z
ws-01d65bd7,Coronado Hills N HPWREN,calibrated (T2 skyline: pan -0.49 tilt +2.01 roll -0.49 focal x1.015) 2026-10-01,"pan, tilt, roll, focal",-0.49,2.01,-0.49,1.015,48.2,0.5,8,1.19,36.3,64.88,-6.18,65.33,20261001T003648Z,,,,,,,,,,
ws-80f10d1b,Cottonwood DIGITALPATH/ATTFIRSTNET,"calibrated (T0 published pointing; sun ok x1, az +0.2 el -1.8) 2026-10-01",,,,,,,,,,,,,,,consistent,1,0.19,-1.76,,,,,,20261002T004246Z
ws-de76dab5,Cow Mtn 2 DIGITALPATH,calibrated (T2 skyline: pan -0.30 tilt -2.24 roll +1.01 focal x1.006) 2026-10-01,"pan, tilt, roll, focal",-0.3,-2.24,1.01,1.006,66.5,1.3,8,1.0,43.0,121.57,-9.26,65.33,20261001T020654Z,,,,,,,,,,
ws-ccd3b0be,Crestline Ridge 1 GEOLINKS,"calibrated (T2 skyline, flat horizon: tilt +1.40 roll +0.97; <1 image/min) 2026-10-01","tilt, roll",,1.4,0.97,,35.7,2.4,8,1.88,48.4,33.22,-8.48,62.8,20261001T020606Z,,,,,,,,,,
ws-6fc9180a,Crimea Fire 1 (Red Tower) GEOLINKS,calibrated (T2 skyline: pan +0.10 tilt -0.21 roll +1.33 focal x1.030) 2026-10-01,"pan, tilt, roll, focal",0.1,-0.21,1.33,1.03,13.4,1.4,8,1.35,29.9,25.61,-2.58,62.8,20261001T020824Z,,,,,,,,,,
ws-78191488,Cross 1 (Oakview 1) GEOLINKS,calibrated (T2 skyline: pan +0.13 tilt -0.23 roll +0.55 focal x1.015) 2026-10-01,"pan, tilt, roll, focal",0.13,-0.23,0.55,1.015,9.4,1.1,8,3.37,6.0,175.49,-4.73,65.33,20261001T020540Z,,,,,,,,,,
ws-49ed041e,Cross 2 (Oakview 2) GEOLINKS,calibrated (T2 skyline: pan +0.30 tilt +3.48 roll +1.52 focal x1.035; sun ok x3) 2026-10-01,"pan, tilt, roll, focal",0.3,3.48,1.52,1.035,80.4,2.7,8,4.93,9.7,288.56,-3.85,65.33,20261001T021346Z,consistent,4,0.05,-2.55,2,0.92,-3.52,2.02,0.06,20261001T011114Z
ws-210b6ba6,CSM Cañada Bldg 9 CSM,calibrated (T2 skyline: pan +0.19 tilt -0.98 roll +0.52 focal x1.033; sun ok x3) 2026-10-01,"pan, tilt, roll, focal",0.19,-0.98,0.52,1.033,35.3,1.3,8,1.3,4.8,238.06,-3.75,65.33,20261001T021303Z,consistent,3,0.04,0.99,2,-0.08,0.65,-0.43,-0.81,20261001T011617Z
ws-a3b325e5,Ctry Club Hts 1 (Carmel) GEOLINKS,calibrated (T2 skyline: pan -0.01 tilt -0.50 roll +0.28 focal x1.011) 2026-10-01,"pan, tilt, roll, focal",-0.01,-0.5,0.28,1.011,15.4,0.8,8,2.97,14.6,224.34,-4.09,65.33,20261001T020738Z,,,,,,,,,,
ws-4ebbeb44,Ctry Club Hts 2 (Carmel) GEOLINKS,calibrated (T2 skyline: pan -0.17 tilt +1.06 roll +0.18 focal x1.013; sun ok x1) 2026-10-01,"pan, tilt, roll, focal",-0.17,1.06,0.18,1.013,26.7,1.1,8,2.42,9.9,72.24,-3.58,65.33,20261001T021144Z,consistent,4,0.57,-0.5,4,0.57,-0.5,0.17,0.31,20261002T141928Z
ws-ea725602,Dangermond 2 KIZA,calibrated (T2 skyline: pan -0.70 tilt -3.07 roll +1.22 focal x1.008; <1 image/min) 2026-10-01,"pan, tilt, roll, focal",-0.7,-3.07,1.22,1.008,82.2,0.9,8,3.18,13.4,315.05,1.24,65.33,20261001T020811Z,,,,,,,,,,
ws-16faf5d5,Deadmans Ridge East DESERTTECH,calibrated (T2 skyline: pan +0.32 tilt -0.10 roll +2.37 focal x1.012; sun ok x2; <1 image/min) 2026-10-01,"pan, tilt, roll, focal",0.32,-0.1,2.37,1.012,19.4,1.6,8,6.88,6.0,110.93,0.99,62.8,20261001T131312Z,consistent,4,-0.94,0.08,2,-0.81,-1.09,-0.0,-0.9,20261001T141427Z
ws-6ac22699,Deadmans Ridge West DESERTTECH,calibrated (T2 skyline: pan -0.44 tilt -0.48 roll +1.70 focal x1.025; sun ok x5) 2026-10-01,"pan, tilt, roll, focal",-0.44,-0.48,1.7,1.025,16.6,1.4,7,4.32,10.7,273.54,-3.25,62.8,20261001T150822Z,consistent,5,0.28,0.93,3,0.33,0.93,0.5,0.54,20261001T005630Z
ws-6379ef12,Decker 2 GEOLINKS,"calibrated (T0 published pointing; sun ok x3, az +0.4 el +1.4; <1 image/min) 2026-10-01",,,,,,,,,,,,,,,consistent,4,0.42,1.46,,,,,,20261002T011856Z
ws-d97820f3,Deer Creek HWY 1 DIGITALPATH,"calibrated (T0 published pointing; sun ok x5, az -0.1 el -3.2) 2026-10-01",,,,,,,,,,,,,,,consistent,5,-0.14,-3.2,,,,,,20261001T004545Z
ws-eada77ea,Delilah Lookout 1 SIO/UCSD,calibrated (T2 skyline: pan -0.73 tilt -0.67 roll +1.28 focal x1.015; <1 image/min) 2026-10-01,"pan, tilt, roll, focal",-0.73,-0.67,1.28,1.015,18.3,1.8,8,3.36,37.8,348.24,0.05,65.33,20261001T021221Z,,,,,,,,,,
ws-9cf42243,Devils Garden 2 REMOTELYLOCATED,calibrated (T2 skyline: pan -0.15 tilt -0.05 roll -2.19 focal x1.024) 2026-10-01,"pan, tilt, roll, focal",-0.15,-0.05,-2.19,1.024,20.2,0.6,4,1.08,6.0,33.34,3.96,65.33,20261001T220348Z,,,,,,,,,,
ws-a5d2a9e8,Dew Drop 1 REMOTELYLOCATED,"calibrated (T0 published pointing; sun ok x5, az +0.1 el -1.1) 2026-10-01",,,,,,,,,,,,,,,consistent,5,0.08,-1.15,,,,,,20261001T003508Z
ws-83d2074d,Dew Drop 2 REMOTELYLOCATED,calibrated (T2 skyline: pan +0.56 tilt -0.38 roll -1.97 focal x1.068) 2026-10-01,"pan, tilt, roll, focal",0.56,-0.38,-1.97,1.068,26.0,2.1,6,2.36,3.2,30.89,-4.58,64.57,20261001T161607Z,,,,,,,,,,
ws-9d9eece5,Doe Mill Road DIGITALPATH,candidate,,,,,,,,,,,,,,,unclear,1,-2.98,-1.53,,,,,,20261002T143953Z
ws-481bf204,Dry Creek 1 VALLEY,calibrated (T2 skyline: pan -0.06 tilt -2.09 roll -1.54 focal x1.016) 2026-10-01,"pan, tilt, roll, focal",-0.06,-2.09,-1.54,1.016,59.1,1.3,8,3.03,17.1,321.9,-2.62,65.33,20261001T021126Z,,,,,,,,,,
ws-113ef1a4,Duncan Ranch 1 GEOLINKS,candidate,,,,,,,,,,,,,,,offset,4,-1.34,4.44,,,,,,20261002T140839Z
ws-7cc7a0b9,Duncan Ranch 2 GEOLINKS,"calibrated (T0 published pointing; sun ok x2, az +0.1 el +3.2) 2026-10-01",,,,,,,,,,,,,,,consistent,3,0.18,3.48,,,,,,20261002T012042Z
ws-23a68d2e,Dunlap Acres 1 GEOLINKS,calibrated (T2 skyline: pan +0.07 tilt +1.59 roll -3.28 focal x1.022) 2026-10-01,"pan, tilt, roll, focal",0.07,1.59,-3.28,1.022,38.2,1.1,8,3.88,18.9,348.3,-5.5,65.33,20261001T150954Z,,,,,,,,,,
ws-131e7330,Dunlap Acres 2 GEOLINKS,calibrated (T2 skyline: pan -0.43 tilt -1.86 roll +4.97 focal x1.027; sun ok x5) 2026-10-01,"pan, tilt, roll, focal",-0.43,-1.86,4.97,1.027,30.2,1.4,8,1.42,52.7,246.51,-2.63,65.33,20261001T131136Z,consistent,6,0.43,2.76,6,0.43,2.76,0.43,-0.75,20261001T010042Z
ws-bb15a797,Dyer Mtn 1 DIGITALPATH,"calibrated (T2 skyline, flat horizon: tilt -0.34 roll +1.26; sun ok x1) 2026-10-01","tilt, roll",,-0.34,1.26,,9.4,1.0,8,0.64,34.9,92.06,0.29,65.33,20261001T021106Z,consistent,2,0.42,0.02,1,0.28,0.57,0.27,-0.26,20261001T150906Z
ws-febca078,Eagle Rock Lookout 1 RIDGEWIRELESS,"calibrated (T2 skyline, flat horizon: tilt +0.01 roll +2.52) 2026-10-01","tilt, roll",,0.01,2.52,,22.2,1.1,8,1.25,18.9,0.8,-3.0,65.33,20261001T020812Z,,,,,,,,,,
ws-22f29166,Eagles Nest SHASTABEAM,"calibrated (T2 skyline, flat horizon: tilt -0.50 roll +2.34) 2026-10-01","tilt, roll",,-0.5,2.34,,16.8,3.0,6,6.41,83.5,348.95,-5.69,62.8,20261001T161520Z,,,,,,,,,,
ws-1b718963,East Quincy DIGITALPATH,calibrated (T2 skyline: pan +0.14 tilt -0.50 roll +1.19 focal x1.034) 2026-10-01,"pan, tilt, roll, focal",0.14,-0.5,1.19,1.034,23.7,1.2,8,2.56,15.2,354.63,-5.1,62.6,20261001T021559Z,,,,,,,,,,
ws-7186f50a,Eden Valley 1 DIGITALPATH,calibrated (T2 skyline: pan +0.23 tilt -0.61 roll -1.83 focal x0.986) 2026-10-01,"pan, tilt, roll, focal",0.23,-0.61,-1.83,0.986,18.7,0.8,8,1.21,15.6,59.79,-4.28,62.17,20261001T021015Z,,,,,,,,,,
ws-9f261a0c,Edith Hill 1 GEOLINKS,calibrated (T2 skyline: pan -0.61 tilt -0.72 roll -0.35 focal x0.995) 2026-10-01,"pan, tilt, roll, focal",-0.61,-0.72,-0.35,0.995,19.8,2.5,4,1.89,28.6,143.03,-3.1,62.8,20261001T140815Z,,,,,,,,,,
ws-63d0511c,Edith Hill 2 GEOLINKS,calibrated (T2 skyline: pan -0.38 tilt +0.38 roll -0.22 focal x1.027) 2026-10-01,"pan, tilt, roll, focal",-0.38,0.38,-0.22,1.027,8.3,2.1,8,1.46,5.5,356.72,-0.64,65.33,20261001T020717Z,,,,,,,,,,
ws-46a726c2,Eighmy 2 DIGITALPATH,"calibrated (T2 skyline, flat horizon: tilt -1.99 roll +1.63) 2026-10-01","tilt, roll",,-1.99,1.63,,66.9,0.3,8,0.9,9.8,149.62,0.0,65.33,20261001T021025Z,,,,,,,,,,
ws-51652037,Eighmy DIGITALPATH,"calibrated (T2 skyline, flat horizon: tilt -0.35 roll +0.34) 2026-10-01","tilt, roll",,-0.35,0.34,,10.5,1.5,8,2.16,52.4,200.02,-1.4,65.33,20261001T020709Z,,,,,,,,,,
ws-6bc42796,El Rancho 2 KERN,"calibrated (T2 skyline, flat horizon: tilt +1.54 roll -1.50) 2026-10-01","tilt, roll",,1.54,-1.5,,35.6,1.5,8,1.56,37.6,30.74,-7.95,65.33,20261001T020906Z,,,,,,,,,,
ws-2c605eba,Eldora DIGITALPATH/ELDORA SKI RESORT,"calibrated (T0 published pointing; sun ok x2, az +0.2 el -0.9) 2026-10-02",,,,,,,,,,,,,,,consistent,2,0.2,-0.9,,,,,,20261002T134837Z
ws-98331f41,Elk Creek 1 DIGITALPATH,calibrated (T2 skyline: pan +0.29 tilt +2.07 roll -2.18 focal x1.030; sun ok x4) 2026-10-01,"pan, tilt, roll, focal",0.29,2.07,-2.18,1.03,53.3,1.4,7,3.31,9.0,268.48,-3.81,65.33,20261001T020804Z,consistent,4,0.3,-1.34,3,0.38,-1.65,0.44,-0.43,20261001T010623Z
ws-b88f11a6,Elsinore Peak 2 GEOLINKS,calibrated (T2 skyline: pan -0.11 tilt +0.65 roll -0.09 focal x0.934) 2026-10-01,"pan, tilt, roll, focal",-0.11,0.65,-0.09,0.934,21.5,0.8,6,1.68,69.0,53.34,0.11,53.44,20261001T151157Z,,,,,,,,,,
ws-2da63771,Escabroso 2 RANCHWIFI,"calibrated (T2 skyline, flat horizon: tilt +1.37 roll +1.75) 2026-10-01","tilt, roll",,1.37,1.75,,42.3,2.8,8,0.52,63.9,17.07,-2.55,65.33,20261001T020643Z,,,,,,,,,,
ws-01e237a0,Evora Road LAFAYETTEPD,"calibrated (T0 published pointing; sun ok x1, az +0.1 el -0.9) 2026-10-01",,,,,,,,,,,,,,,consistent,2,-0.33,-1.37,,,,,,20261001T141345Z
ws-fc24a85f,Fairview Alameda 1 GEOLINKS,"calibrated (T0 published pointing; sun ok x1, az +0.3 el +2.0) 2026-10-01",,,,,,,,,,,,,,,consistent,3,-0.07,3.76,,,,,,20261002T142144Z
ws-b9200e76,Falcons View SHASTABEAM,"calibrated (T2 skyline, flat horizon: tilt -3.79 roll +1.32) 2026-10-01","tilt, roll",,-3.79,1.32,,103.5,1.3,8,1.12,69.8,64.87,0.8,62.8,20261001T020743Z,,,,,,,,,,
ws-1329a924,Fay Ranch Rd 1 KERN,"calibrated (T2 skyline, flat horizon: tilt +2.65 roll -2.38; <1 image/min) 2026-10-01","tilt, roll",,2.65,-2.38,,73.5,2.9,8,4.51,9.7,11.61,-3.38,65.33,20261001T020528Z,,,,,,,,,,
ws-58afd0d9,Felicita San Diego 2 HPWREN,calibrated (T2 skyline: pan -0.03 tilt -0.00 roll +0.34 focal x0.918) 2026-10-01,"pan, tilt, roll, focal",-0.03,-0.0,0.34,0.918,3.0,0.8,8,1.34,33.9,29.33,1.73,42.14,20261001T020534Z,,,,,,,,,,
ws-e733fd44,Felicita San Diego HPWREN,"calibrated (T0 published pointing; sun ok x2, az -0.9 el +0.6) 2026-10-01",,,,,,,,,,,,,,,consistent,4,-0.55,1.83,,,,,,20261002T135845Z
ws-074db278,Figueroa 1 KIZA,calibrated (T2 skyline: pan -0.04 tilt -0.53 roll +0.42 focal x1.019; <1 image/min) 2026-10-01,"pan, tilt, roll, focal",-0.04,-0.53,0.42,1.019,13.3,0.8,8,1.54,28.9,216.47,-2.4,65.33,20261001T020758Z,,,,,,,,,,
ws-674c0ade,Figueroa 2 KIZA,"calibrated (T2 skyline, flat horizon: tilt -0.48 roll -0.22; sun ok x1; <1 image/min) 2026-10-01","tilt, roll",,-0.48,-0.22,,13.5,1.0,7,0.93,34.8,235.95,-2.79,65.33,20261001T151414Z,consistent,3,0.25,0.66,,,,,,20261002T012833Z
ws-4c38c976,Flatiron East DIGITALPATH,candidate,,,,,,,,,,,,,,,offset,4,-3.9,2.42,,,,,,20261002T144017Z
ws-bc1a3192,Flea Mtn 2 DIGITALPATH,calibrated (T2 skyline: pan -0.16 tilt -0.77 roll +0.34 focal x1.014) 2026-10-01,"pan, tilt, roll, focal",-0.16,-0.77,0.34,1.014,21.1,0.8,8,1.49,22.1,63.2,-0.75,65.33,20261001T021449Z,,,,,,,,,,
ws-a0329fda,Flea Mtn DIGITALPATH,calibrated (T2 skyline: pan +0.02 tilt +0.18 roll -0.19 focal x1.009; sun ok x3) 2026-10-02,"pan, tilt, roll, focal",0.02,0.18,-0.19,1.009,3.9,0.7,2,1.53,21.5,78.53,-2.43,65.33,20261001T190726Z,consistent,3,-0.36,-0.77,,,,,,20261002T145110Z
ws-a7c96179,Flournoy DIGITALPATH,"calibrated (T0 published pointing; sun ok x2, az -0.5 el -2.6) 2026-10-01",,,,,,,,,,,,,,,consistent,4,-0.54,-1.82,,,,,,20261002T012824Z
ws-c893e6db,Fontana 1 GEOLINKS,"calibrated (T0 published pointing; sun ok x4, az -0.8 el +0.3) 2026-10-02",,,,,,,,,,,,,,,consistent,4,-0.81,0.29,,,,,,20261002T142906Z
ws-b032cb54,Foothills Park PALOALTO,"calibrated (T2 skyline, flat horizon: tilt +0.32 roll +0.19) 2026-10-01","tilt, roll",,0.32,0.19,,6.2,3.0,7,3.49,5.3,226.89,-3.77,65.33,20261001T161248Z,,,,,,,,,,
ws-663f1dbd,Fort Jones 1 DIGITALPATH,"calibrated (T0 published pointing; sun ok x2, az -0.2 el +1.5) 2026-10-01",,,,,,,,,,,,,,,consistent,3,-0.03,2.17,,,,,,20261002T011927Z
ws-8ad74b14,Fort Jones 2 DIGITALPATH,"calibrated (T0 published pointing; sun ok x1, az -0.3 el -1.6) 2026-10-02",,,,,,,,,,,,,,,consistent,1,-0.31,-1.63,,,,,,20261002T012629Z
ws-7177be0e,Fowler Peak 2 CONIFER,"calibrated (T2 skyline, flat horizon: tilt -0.60 roll +0.71) 2026-10-01","tilt, roll",,-0.6,0.71,,15.9,2.8,6,1.65,73.0,353.63,-1.62,65.33,20261001T161535Z,,,,,,,,,,
ws-404e21a3,Freeman 2 DIGITALPATH,"calibrated (T0 published pointing; sun ok x5, az +0.6 el +0.1; <1 image/min) 2026-10-01",,,,,,,,,,,,,,,consistent,6,0.58,0.41,,,,,,20261002T004039Z
ws-a190afcf,Garces HWY 1 GEOLINKS,"calibrated (T2 skyline, flat horizon: tilt -1.41 roll -1.61) 2026-10-01","tilt, roll",,-1.41,-1.61,,38.2,2.4,8,0.77,101.1,188.57,-1.32,62.8,20261001T020734Z,,,,,,,,,,
ws-234fe50f,Garin Ridge 1 LAFAYETTEPD,calibrated (T2 skyline: pan -0.32 tilt +0.41 roll +0.81 focal x1.014) 2026-10-01,"pan, tilt, roll, focal",-0.32,0.41,0.81,1.014,10.1,0.7,8,1.64,24.8,27.43,-2.99,65.33,20261001T021357Z,,,,,,,,,,
ws-717daa5a,Georgetown 1 DIGITALPATH,in progress (skyline good but sun off by az -4.5 deg on 3 frames),"tilt, roll",,1.31,0.47,,30.7,2.6,8,0.42,123.1,234.61,-9.57,65.33,20261001T021242Z,offset,3,-4.5,-0.77,1,-3.99,-2.81,-4.2,-2.0,20261001T010557Z
ws-f532db75,Gibraltar 1 KIZA,calibrated (T2 skyline: pan +0.58 tilt -3.90 roll +1.85 focal x1.015) 2026-10-01,"pan, tilt, roll, focal",0.58,-3.9,1.85,1.015,111.7,1.5,7,8.36,2.7,333.07,3.53,65.33,20261001T150910Z,,,,,,,,,,
ws-f0a24b5a,Girard Ridge 1 DIGITALPATH,calibrated (T2 skyline: pan +0.38 tilt +1.16 roll +1.23 focal x0.965) 2026-10-01,"pan, tilt, roll, focal",0.38,1.16,1.23,0.965,34.9,0.9,8,4.55,31.6,10.36,-2.94,55.94,20261001T021038Z,,,,,,,,,,
ws-7e43d0f6,Girard Ridge 2 DIGITALPATH,calibrated (T2 skyline: pan +0.02 tilt -0.73 roll +1.19 focal x1.012; sun ok x2) 2026-10-01,"pan, tilt, roll, focal",0.02,-0.73,1.19,1.012,22.9,1.2,8,2.05,14.1,288.4,-3.3,65.33,20261001T020925Z,consistent,3,-0.13,0.89,1,-0.13,0.32,0.41,0.14,20261001T011611Z
ws-37075ee8,Goat Mtn 2 DIGITALPATH,"calibrated (T0 published pointing; sun ok x2, az +1.5 el -0.7) 2026-10-02",,,,,,,,,,,,,,,consistent,2,1.54,-0.72,,,,,,20261002T143922Z
ws-2ccc7371,Gold Hill 1 DIGITALPATH,"calibrated (T0 published pointing; sun ok x4, az -0.5 el -1.7; <1 image/min) 2026-10-01",,,,,,,,,,,,,,,consistent,4,-0.45,-1.74,,,,,,20261001T004316Z
ws-afa5d977,Gold Hill 2 DIGITALPATH,"calibrated (T2 skyline, flat horizon: tilt +2.70 roll -0.89; <1 image/min) 2026-10-01","tilt, roll",,2.7,-0.89,,71.6,2.5,8,0.92,32.6,58.29,-1.03,65.33,20261001T021136Z,,,,,,,,,,
ws-91ca083b,Gonzales 1 GEOLINKS,calibrated (T2 skyline: pan -0.32 tilt +1.36 roll -1.51 focal x1.012) 2026-10-01,"pan, tilt, roll, focal",-0.32,1.36,-1.51,1.012,40.2,0.8,8,5.52,23.2,161.68,2.67,65.33,20261001T020942Z,,,,,,,,,,
ws-86e392ca,Gonzales 2 GEOLINKS,calibrated (T2 skyline: pan +0.57 tilt -0.04 roll -2.16 focal x1.011) 2026-10-01,"pan, tilt, roll, focal",0.57,-0.04,-2.16,1.011,17.0,0.6,8,1.27,9.7,222.48,5.14,65.33,20261001T020718Z,,,,,,,,,,
ws-c3ac79f5,Gorman 1 KERN,"calibrated (T0 published pointing; sun ok x1, az -0.3 el -0.8; <1 image/min) 2026-10-01",,,,,,,,,,,,,,,consistent,1,-0.29,-0.79,,,,,,20261001T011453Z
ws-dfb6aac3,Grapevine 1 KERN,calibrated (T2 skyline: pan -0.37 tilt +1.97 roll +2.09 focal x1.034) 2026-10-01,"pan, tilt, roll, focal",-0.37,1.97,2.09,1.034,51.8,1.0,8,4.07,13.7,164.53,-7.4,65.33,20261001T020926Z,,,,,,,,,,
ws-be070085,Grass Mountain 1 KIZA,calibrated (T2 skyline: pan -0.08 tilt -0.42 roll +1.48 focal x1.027) 2026-10-01,"pan, tilt, roll, focal",-0.08,-0.42,1.48,1.027,12.1,1.1,8,1.01,29.5,210.31,-5.02,65.33,20261001T021452Z,,,,,,,,,,
ws-f6458fe1,Grass Mountain 2 KIZA,"calibrated (T2 skyline, flat horizon: tilt +1.18 roll +0.05; sun ok x3) 2026-10-01","tilt, roll",,1.18,0.05,,29.8,1.3,7,0.57,37.0,239.71,-5.43,63.83,20261001T020916Z,consistent,5,0.39,-1.19,2,0.49,-1.19,0.2,-0.33,20261001T010825Z
ws-39a809b2,Grass Mountain Los Angeles 1 SIO/UCSD,"calibrated (T2 skyline, flat horizon: tilt -0.13 roll +2.61; <1 image/min) 2026-10-01","tilt, roll",,-0.13,2.61,,20.0,1.2,7,1.92,34.5,160.22,-3.62,65.33,20261001T020655Z,,,,,,,,,,
ws-890d1bef,Grass Mountain Los Angeles 2 SIO/UCSD,calibrated (T2 skyline: pan +0.46 tilt -2.63 roll +0.51 focal x1.014) 2026-10-01,"pan, tilt, roll, focal",0.46,-2.63,0.51,1.014,70.3,1.2,7,1.44,50.6,227.54,-1.08,65.33,20261001T150605Z,,,,,,,,,,
ws-63498fe0,Greeley Hill CONIFER,"calibrated (T0 published pointing; sun ok x1, az -0.9 el -2.7) 2026-10-01",,,,,,,,,,,,,,,consistent,3,-0.55,-1.4,,,,,,20261002T012826Z
ws-5bf82bdd,Green Peak South 2 HPWREN,"calibrated (T0 published pointing; sun ok x5, az -0.9 el -2.1) 2026-10-01",,,,,,,,,,,,,,,consistent,5,-0.92,-2.06,,,,,,20261001T010057Z
ws-9ebbf3de,Grizzly Peak 2 DIGITALPATH,"calibrated (T2 skyline, flat horizon: tilt -0.16 roll +1.11; sun ok x2) 2026-10-02","tilt, roll",,-0.16,1.11,,8.7,1.7,8,1.27,48.8,74.27,-2.58,65.33,20261001T020928Z,consistent,2,-0.58,2.09,,,,,,20261002T144020Z
ws-fb47a3f7,Grizzly Peak Lookout 1 DIGITALPATH,calibrated (T2 skyline: pan -1.28 tilt -4.47 roll -0.29 focal x1.025; <1 image/min) 2026-10-01,"pan, tilt, roll, focal",-1.28,-4.47,-0.29,1.025,119.9,0.8,8,4.28,35.5,342.98,0.13,65.33,20261001T020602Z,,,,,,,,,,
ws-ba9aaed8,Grizzly Peak Lookout 2 DIGITALPATH,calibrated (T2 skyline: pan +0.16 tilt -1.31 roll -0.53 focal x1.015) 2026-10-01,"pan, tilt, roll, focal",0.16,-1.31,-0.53,1.015,36.1,0.7,8,1.71,84.2,148.01,-2.55,65.33,20261001T021158Z,,,,,,,,,,
ws-5b64b20d,Gunbarrel DIGITALPATH/ATTFIRSTNET,"calibrated (T0 published pointing; sun ok x6, az -0.5 el -1.9) 2026-10-01",,,,,,,,,,,,,,,consistent,6,-0.48,-1.93,,,,,,20261001T232851Z
ws-2d9cacef,Gypsum Canyon 1 CITYANAHEIM,"calibrated (T2 skyline, flat horizon: tilt +0.43 roll +1.28) 2026-10-01","tilt, roll",,0.43,1.28,,10.2,1.6,8,3.51,9.6,151.48,-5.96,65.33,20261001T131410Z,,,,,,,,,,
ws-158e73a7,Gypsum Canyon 2 CITYANAHEIM,"calibrated (T0 published pointing; sun ok x1, az -0.2 el -0.7) 2026-10-02",,,,,,,,,,,,,,,consistent,1,-0.2,-0.72,,,,,,20261002T012848Z
ws-872b4629,Gypsum Canyon South 1 CITYANAHEIM,calibrated (T2 skyline: pan -0.16 tilt +0.72 roll +1.62 focal x1.015) 2026-10-01,"pan, tilt, roll, focal",-0.16,0.72,1.62,1.015,19.0,1.4,8,4.3,53.9,56.48,-5.58,65.33,20261001T150515Z,,,,,,,,,,
ws-4f5cd862,Halls Ridge 1 RIDGEWIRELESS,"calibrated (T0 published pointing; sun ok x1, az -1.5 el +1.8) 2026-10-02",,,,,,,,,,,,,,,consistent,1,-1.51,1.81,,,,,,20261002T012625Z
ws-5070fe92,Hamilton City 1 DIGITALPATH,"calibrated (T0 published pointing; sun ok x2, az +0.6 el +1.1) 2026-10-02",,,,,,,,,,,,,,,consistent,2,0.55,1.13,,,,,,20261002T144208Z
ws-1d1af694,Hamilton Mtn 1 DIGITALPATH,"calibrated (T2 skyline, flat horizon: tilt +0.54 roll -2.96; sun ok x1) 2026-10-01","tilt, roll",,0.54,-2.96,,26.4,2.4,6,1.14,50.4,251.28,-6.82,62.8,20261001T161106Z,consistent,3,0.06,-2.17,,,,,,20261002T012709Z
ws-fd676ee7,Hammond Ranch 1 DIGITALPATH,calibrated (T2 skyline: pan -0.14 tilt -0.07 roll -0.47 focal x1.018; sun ok x1; <1 image/min) 2026-10-01,"pan, tilt, roll, focal",-0.14,-0.07,-0.47,1.018,6.9,0.7,8,7.09,21.5,82.59,-1.91,65.33,20261001T020639Z,consistent,4,-0.32,1.16,1,0.12,-0.4,-0.48,-0.47,20261001T151358Z
ws-7a64da7f,Hammond Ranch 2 DIGITALPATH,calibrated (T2 skyline: pan -0.09 tilt +1.37 roll -1.41 focal x1.016) 2026-10-01,"pan, tilt, roll, focal",-0.09,1.37,-1.41,1.016,32.2,2.8,8,7.85,4.4,185.26,-1.45,65.33,20261001T021256Z,,,,,,,,,,
ws-16f1be25,Happy Camp 1 REMOTELYLOCATED,"calibrated (T0 published pointing; sun ok x1, az +0.1 el -1.7) 2026-10-01",,,,,,,,,,,,,,,consistent,1,0.08,-1.69,,,,,,20261001T141039Z
ws-81367687,Happy Camp 2 REMOTELYLOCATED,"calibrated (T2 skyline, flat horizon: tilt +2.02 roll -1.10; sun ok x1) 2026-10-01","tilt, roll",,2.02,-1.1,,50.3,1.2,8,0.75,63.4,110.33,-6.32,65.33,20261001T021103Z,consistent,3,-0.51,-1.72,1,-0.08,-1.72,-0.32,-0.11,20261001T151022Z
ws-a320c61f,Hawkeye Ranch GRAPEVINE,calibrated (T2 skyline: pan -0.12 tilt +0.11 roll +0.34 focal x0.920; sun ok x2) 2026-10-01,"pan, tilt, roll, focal",-0.12,0.11,0.34,0.92,10.2,1.7,6,1.83,9.5,240.86,0.13,48.63,20261001T161532Z,consistent,2,-0.93,-0.59,2,-0.93,-0.59,0.29,0.12,20261002T012052Z
ws-1aaf9827,Hawkins Peak NSL,"calibrated (T2 skyline, flat horizon: tilt -0.16 roll -0.85; sun ok x1; <1 image/min) 2026-10-01","tilt, roll",,-0.16,-0.85,,9.1,0.9,8,0.96,68.1,83.73,-5.52,65.33,20261001T020627Z,consistent,1,1.1,0.21,1,1.1,0.21,0.75,0.1,20261001T140827Z
ws-a530e167,Hayfork Divide 1 GEOLINKS,calibrated (T2 skyline: pan +0.24 tilt -0.19 roll +0.83 focal x1.024; <1 image/min) 2026-10-01,"pan, tilt, roll, focal",0.24,-0.19,0.83,1.024,11.3,0.8,8,2.12,39.0,19.52,-1.75,65.33,20261001T020843Z,,,,,,,,,,
ws-d4bad35c,Hayfork Divide 2 GEOLINKS,calibrated (T2 skyline: pan +0.01 tilt -1.28 roll +0.48 focal x1.019) 2026-10-01,"pan, tilt, roll, focal",0.01,-1.28,0.48,1.019,36.0,1.0,8,1.0,41.7,205.4,-1.52,65.33,20261001T021346Z,,,,,,,,,,
ws-1e67f338,Heaps Peak 2 GEOLINKS,"calibrated (T0 published pointing; sun ok x5, az -0.4 el -0.4) 2026-10-01",,,,,,,,,,,,,,,consistent,5,-0.4,-0.42,,,,,,20261002T004334Z
ws-bb7601ab,Henrietta Peak 1 GEOLINKS,"calibrated (T2 skyline, flat horizon: tilt -1.11 roll +1.06) 2026-10-01","tilt, roll",,-1.11,1.06,,33.6,2.6,8,1.27,75.6,213.19,-4.61,62.8,20261001T021528Z,,,,,,,,,,
ws-10fd77fe,Herd Peak 1 DIGITALPATH,calibrated (T2 skyline: pan +0.04 tilt -1.20 roll +2.45 focal x1.083) 2026-10-01,"pan, tilt, roll, focal",0.04,-1.2,2.45,1.083,57.6,1.4,8,5.88,37.8,196.17,-5.94,62.8,20261001T020929Z,,,,,,,,,,
ws-5076996a,Herd Peak 2 DIGITALPATH,"calibrated (T2 skyline, flat horizon: tilt -1.61 roll -0.44) 2026-10-01","tilt, roll",,-1.61,-0.44,,49.9,1.8,7,0.76,68.4,298.77,-8.41,65.33,20261001T161248Z,,,,,,,,,,
ws-49cfbfd0,Higgins Canyon CRUZIO,"calibrated (T0 published pointing; sun ok x4, az -0.1 el -1.6) 2026-10-01",,,,,,,,,,,,,,,consistent,4,-0.12,-1.61,,,,,,20261001T010011Z
ws-0fdbef65,High Divide 1 GEOLINKS,"calibrated (T2 skyline, flat horizon: tilt -2.82 roll -3.36; sun ok x1) 2026-10-01","tilt, roll",,-2.82,-3.36,,80.2,1.7,8,1.34,22.1,89.67,-2.9,65.33,20261001T140839Z,consistent,4,0.54,3.99,1,0.5,1.89,-0.63,-0.38,20261001T150511Z
ws-23703df0,High Divide 2 GEOLINKS,"calibrated (T2 skyline, flat horizon: tilt -1.30 roll +1.58) 2026-10-01","tilt, roll",,-1.3,1.58,,38.7,0.8,8,0.95,25.6,40.94,-1.21,65.07,20261001T020529Z,,,,,,,,,,
ws-3f4b1e00,High Glade Lookout 1 DIGITALPATH,calibrated (T2 skyline: pan -0.85 tilt +0.98 roll +1.08 focal x0.965) 2026-10-01,"pan, tilt, roll, focal",-0.85,0.98,1.08,0.965,32.2,1.4,8,1.93,11.1,46.49,-3.49,59.52,20261001T021348Z,,,,,,,,,,
ws-7cacee43,High Glade Lookout 2 DIGITALPATH,"calibrated (T2 skyline, flat horizon: tilt +0.87 roll +1.86; sun ok x1) 2026-10-01","tilt, roll",,0.87,1.86,,21.2,0.6,6,0.47,47.5,246.64,-6.14,65.33,20261001T160615Z,consistent,1,0.82,-0.63,,,,,,20261002T011816Z
ws-fad2e4ac,High Hill SIO/UCSD,"calibrated (T2 skyline, flat horizon: tilt +1.45 roll -0.74) 2026-10-01","tilt, roll",,1.45,-0.74,,34.9,0.9,7,0.85,37.0,274.77,-7.1,65.33,20261001T160606Z,,,,,,,,,,
ws-33060fa5,High Point (North) HPWREN,calibrated (T2 skyline: pan +0.06 tilt +0.19 roll +0.81 focal x1.000) 2026-10-01,"pan, tilt, roll, focal",0.06,0.19,0.81,1.0,5.3,2.1,8,1.72,127.2,293.09,-7.82,65.33,20261001T131422Z,,,,,,,,,,
ws-75754994,High Point (South) HPWREN,"calibrated (T0 published pointing; sun ok x2, az -0.8 el -0.3) 2026-10-02",,,,,,,,,,,,,,,consistent,2,-0.82,-0.32,,,,,,20261002T143854Z
ws-c6e5572c,Highline Trail DIGITALPATH,"calibrated (T0 published pointing; sun ok x1, az -1.1 el +2.4) 2026-10-01",,,,,,,,,,,,,,,consistent,3,-1.08,2.97,,,,,,20261002T012621Z
ws-54caac81,Holiday Lake 1 SANTACLARA,"calibrated (T2 skyline, flat horizon: tilt -0.94 roll -1.26; sun ok x5; <1 image/min) 2026-10-01","tilt, roll",,-0.94,-1.26,,24.6,1.2,8,1.78,20.8,254.31,2.54,62.8,20261001T020510Z,consistent,5,0.48,0.34,4,0.52,0.24,0.25,-0.84,20261001T005845Z
ws-ab5d240a,Hollywood 2 GEOLINKS,"calibrated (T0 published pointing; sun ok x1, az +0.0 el -0.4) 2026-10-01",,,,,,,,,,,,,,,consistent,4,0.2,-0.41,,,,,,20261002T140856Z
ws-317e91de,Hopland 1 DIGITALPATH,calibrated (T2 skyline: pan +0.63 tilt +2.16 roll -0.74 focal x1.017) 2026-10-01,"pan, tilt, roll, focal",0.63,2.16,-0.74,1.017,57.3,0.7,8,1.69,16.8,292.19,-1.9,65.33,20261001T021529Z,,,,,,,,,,
ws-3c799d32,Hopland 2 DIGITALPATH,calibrated (T2 skyline: pan -0.05 tilt -0.65 roll +0.68 focal x1.006; <1 image/min) 2026-10-01,"pan, tilt, roll, focal",-0.05,-0.65,0.68,1.006,20.3,1.5,8,2.49,14.6,162.51,-3.46,65.33,20261001T021314Z,,,,,,,,,,
ws-7f9cc81d,Hornbrook 1 DIGITALPATH,calibrated (T2 skyline: pan +0.15 tilt -2.77 roll -1.01 focal x1.014) 2026-10-01,"pan, tilt, roll, focal",0.15,-2.77,-1.01,1.014,74.1,0.9,8,2.81,11.3,334.58,1.88,65.33,20261001T021531Z,,,,,,,,,,
ws-49c46bf3,Hotchkiss Hill 1 DIGITALPATH,"calibrated (T0 published pointing; sun ok x1, az +0.3 el +3.5) 2026-10-01",,,,,,,,,,,,,,,consistent,4,0.34,2.12,,,,,,20261002T143116Z
ws-36db4017,Hotchkiss Hill 2 DIGITALPATH,"calibrated (T0 published pointing; sun ok x2, az +0.3 el +0.8) 2026-10-01",,,,,,,,,,,,,,,consistent,4,0.12,2.26,,,,,,20261002T142237Z
ws-cc186b8f,Huntington Lake 1 GEOLINKS,calibrated (T2 skyline: pan -0.58 tilt +2.21 roll -0.31 focal x1.016; <1 image/min) 2026-10-01,"pan, tilt, roll, focal",-0.58,2.21,-0.31,1.016,60.0,1.4,8,2.89,9.3,29.21,2.89,62.8,20261001T021112Z,,,,,,,,,,
ws-f35f687b,Huntington Lake 2 GEOLINKS,calibrated (T2 skyline: pan -0.35 tilt +0.66 roll -1.32 focal x1.036; sun ok x1) 2026-10-01,"pan, tilt, roll, focal",-0.35,0.66,-1.32,1.036,15.2,3.0,8,2.69,8.5,130.02,1.79,62.8,20261001T021435Z,consistent,2,-0.08,-1.79,2,-0.08,-1.79,0.12,-1.99,20261001T151107Z
ws-b1782e6b,HWY 101 Blueberry 2 KIZA,calibrated (T2 skyline: pan -0.60 tilt +0.37 roll +0.07 focal x0.970; sun ok x2) 2026-10-01,"pan, tilt, roll, focal",-0.6,0.37,0.07,0.97,16.2,2.1,8,2.58,2.5,244.6,-3.55,55.57,20261001T021322Z,consistent,3,-0.74,-2.39,2,-0.66,-2.53,-0.79,-1.92,20261001T005854Z
ws-98e7acd4,Idyllwild 2 GEOLINKS,calibrated (T2 skyline: pan -0.37 tilt -0.99 roll +0.05 focal x0.992) 2026-10-01,"pan, tilt, roll, focal",-0.37,-0.99,0.05,0.992,24.8,1.9,8,5.58,8.6,27.81,2.66,65.33,20261001T131113Z,,,,,,,,,,
ws-48a8ba3e,Indian Ridge 1 DIGITALPATH,"calibrated (T2 skyline, flat horizon: tilt +0.28 roll +1.25) 2026-10-01","tilt, roll",,0.28,1.25,,9.2,2.2,3,1.21,53.1,327.49,-8.8,65.33,20261001T220048Z,,,,,,,,,,
ws-dbcafe32,Indian Ridge 2 DIGITALPATH,calibrated (T2 skyline: pan -0.82 tilt -0.36 roll +1.09 focal x0.965) 2026-10-01,"pan, tilt, roll, focal",-0.82,-0.36,1.09,0.965,11.7,1.9,8,1.09,54.6,332.79,-5.85,65.07,20261001T021507Z,,,,,,,,,,
ws-0b251ef0,Inks Ridge DIGITALPATH,calibrated (T2 skyline: pan -0.07 tilt -1.06 roll +0.29 focal x1.018) 2026-10-01,"pan, tilt, roll, focal",-0.07,-1.06,0.29,1.018,27.6,0.8,4,1.5,28.4,147.76,0.14,65.33,20261001T141336Z,,,,,,,,,,
ws-cb39c1e9,Inskip Hill 1 DIGITALPATH,calibrated (T2 skyline: pan -0.31 tilt +1.69 roll +1.07 focal x1.017; sun ok x1) 2026-10-02,"pan, tilt, roll, focal",-0.31,1.69,1.07,1.017,42.7,0.6,8,1.93,34.3,70.22,-1.33,65.33,20261001T021007Z,consistent,1,0.44,-0.64,,,,,,20261002T142138Z
ws-e0a17cba,Inskip Hill 2 DIGITALPATH,calibrated (T2 skyline: pan +0.12 tilt +1.10 roll -1.25 focal x1.011; sun ok x1) 2026-10-01,"pan, tilt, roll, focal",0.12,1.1,-1.25,1.011,28.5,0.7,8,2.16,31.1,112.87,-1.02,65.33,20261001T020702Z,consistent,4,-0.18,-1.52,1,0.1,-1.55,0.03,-0.74,20261001T151320Z
ws-23dbbf03,Iron Mountain 2 DIGITALPATH,"calibrated (T2 skyline, flat horizon: tilt +0.46 roll -0.45) 2026-10-01","tilt, roll",,0.46,-0.45,,13.5,2.5,8,1.65,74.4,138.24,-1.51,65.33,20261001T020642Z,,,,,,,,,,
ws-51ec7dc5,Jackson Butte 2 CONIFER,"calibrated (T0 published pointing; sun ok x2, az -0.4 el +2.8) 2026-10-01",,,,,,,,,,,,,,,consistent,3,-0.26,3.22,,,,,,20261002T011941Z
ws-d589a3d8,Jacobs Ladder DIGITALPATH,"calibrated (T0 published pointing; sun ok x2, az -0.3 el +0.3) 2026-10-02",,,,,,,,,,,,,,,consistent,2,-0.34,0.29,,,,,,20261002T144202Z
ws-46280503,Joaquin Ridge UNWIREDBROADBAND,calibrated (T2 skyline: pan +0.04 tilt +2.14 roll +0.32 focal x1.017; sun ok x3; <1 image/min) 2026-10-01,"pan, tilt, roll, focal",0.04,2.14,0.32,1.017,56.5,1.9,8,1.36,18.5,241.86,-4.74,62.8,20261001T020521Z,consistent,3,0.71,-3.66,3,0.71,-3.66,0.64,-1.88,20261001T005242Z
ws-2c1e82f6,Jones Ridge DIGITALPATH,"calibrated (T0 published pointing; sun ok x3, az +0.3 el +0.5) 2026-10-01",,,,,,,,,,,,,,,consistent,3,0.31,0.45,,,,,,20261001T004328Z
ws-f81f0735,Jordan Peak 2 SIO/UCSD,"calibrated (T0 published pointing; sun ok x1, az +0.1 el -2.0) 2026-10-01",,,,,,,,,,,,,,,consistent,4,-0.03,-2.42,,,,,,20261002T141951Z
ws-fe7b16c5,Kahe 1 HECO,candidate,,,,,,,,,,,,,,,unclear,1,-2.93,-2.9,,,,,,20261002T173842Z
ws-ae520b78,Kahe 2 HECO,"calibrated (T0 published pointing; sun ok x1, az -0.7 el -3.6) 2026-10-02",,,,,,,,,,,,,,,consistent,1,-0.68,-3.64,,,,,,20261002T173844Z
ws-6224e48f,Kaheawa 1 HECO,"calibrated (T0 published pointing; sun ok x3, az -1.4 el +1.5) 2026-10-02",,,,,,,,,,,,,,,consistent,3,-1.35,1.54,,,,,,20261002T165857Z
ws-f98d9d09,Kailua 1 HECO,"calibrated (T0 published pointing; sun ok x1, az +1.1 el +2.2) 2026-10-02",,,,,,,,,,,,,,,consistent,1,1.15,2.23,,,,,,20261002T165842Z
ws-5d780e2f,Keahole 1 HECO,"calibrated (T0 published pointing; sun ok x1, az +1.2 el +0.1) 2026-10-02",,,,,,,,,,,,,,,consistent,1,1.19,0.07,,,,,,20261002T173837Z
ws-03f97f7d,Keahole 2 HECO,candidate,,,,,,,,,,,,,,,unclear,1,3.02,-0.2,,,,,,20261002T173841Z
ws-2e1cd33e,Kealia 1 HECO,"calibrated (T2 skyline, flat horizon: tilt -0.60 roll -0.78) 2026-10-01","tilt, roll",,-0.6,-0.78,,19.9,1.4,8,7.11,10.2,357.92,0.87,65.33,20261001T160948Z,,,,,,,,,,
ws-8ec8f380,Keamuku 1 HECO,"calibrated (T0 published pointing; sun ok x3, az -1.5 el -0.3) 2026-10-02",,,,,,,,,,,,,,,consistent,3,-1.49,-0.32,,,,,,20261002T170850Z
ws-57274000,Keamuku 2 HECO,"calibrated (T0 published pointing; sun ok x3, az -1.4 el -0.9) 2026-10-02",,,,,,,,,,,,,,,consistent,3,-1.41,-0.93,,,,,,20261002T171838Z
ws-256ac63b,Keller Peak 1 GEOLINKS,calibrated (T2 skyline: pan +0.03 tilt +0.21 roll +2.31 focal x1.019) 2026-10-01,"pan, tilt, roll, focal",0.03,0.21,2.31,1.019,16.1,1.1,8,4.25,23.3,138.43,-5.12,65.33,20261001T131243Z,,,,,,,,,,
ws-2d956560,Keller Peak 2 GEOLINKS,calibrated (T2 skyline: pan -0.26 tilt +1.77 roll -0.72 focal x1.004) 2026-10-01,"pan, tilt, roll, focal",-0.26,1.77,-0.72,1.004,47.2,1.4,8,1.89,8.4,45.04,-1.51,65.33,20261001T131423Z,,,,,,,,,,
ws-25fbb651,Kelseyville 1 VALLEY,"calibrated (T2 skyline, flat horizon: tilt -1.87 roll -1.33) 2026-10-01","tilt, roll",,-1.87,-1.33,,51.6,0.6,6,1.1,57.3,302.36,-1.4,65.33,20261001T160812Z,,,,,,,,,,
ws-c51c345a,Kelseyville 2 VALLEY,"calibrated (T2 skyline, flat horizon: tilt +0.26 roll -0.33) 2026-10-01","tilt, roll",,0.26,-0.33,,3.0,1.2,8,0.76,64.9,126.84,-5.8,65.33,20261001T020517Z,,,,,,,,,,
ws-601c0583,Kennedy Mine REMOTELYLOCATED,"calibrated (T2 skyline, flat horizon: tilt +1.74 roll +2.11) 2026-10-01","tilt, roll",,1.74,2.11,,46.9,2.0,8,1.37,20.2,155.34,-5.4,65.33,20261001T020604Z,,,,,,,,,,
ws-6661062b,Kenwood Ranch Upper 1 SIO/UCSD,"calibrated (T0 published pointing; sun ok x1, az -0.3 el -1.5; <1 image/min) 2026-10-01",,,,,,,,,,,,,,,consistent,4,0.83,0.49,,,,,,20261002T143942Z
ws-b7fc33ae,Kenwood Ranch Upper 2 SIO/UCSD,"in progress (skyline fit and sun disagree: sun az -2.8 el -1.9 after the fit, az -0.5 el -0.5 as published, x1)","pan, tilt, roll, focal",-2.11,-0.32,0.97,1.103,27.5,2.1,8,1.47,37.4,255.83,-4.33,53.44,20261001T021336Z,consistent,1,-0.48,-0.53,1,-0.48,-0.53,-2.8,-1.91,20261001T011506Z
ws-380f5a02,Kregor Peak LAFAYETTEPD,calibrated (T2 skyline: pan +0.50 tilt -0.11 roll -1.13 focal x1.087; sun ok x1) 2026-10-01,"pan, tilt, roll, focal",0.5,-0.11,-1.13,1.087,20.5,1.7,8,1.85,29.9,252.48,-6.59,62.8,20261001T020807Z,consistent,1,0.66,0.27,1,0.66,0.27,0.25,-0.8,20261001T011018Z
ws-7fc43b53,La Panza SANLUISOBISPO,"calibrated (T2 skyline, flat horizon: tilt -0.42 roll +0.57) 2026-10-01","tilt, roll",,-0.42,0.57,,14.3,0.8,8,0.75,33.7,14.13,-1.89,60.82,20261001T021447Z,,,,,,,,,,
ws-f0495288,LACFD Camp Nine 1 (Loop) GEOLINKS,"calibrated (T2 skyline, flat horizon: tilt +0.93 roll +0.92) 2026-10-01","tilt, roll",,0.93,0.92,,25.3,1.0,8,0.65,40.6,358.88,0.0,62.8,20261001T020539Z,,,,,,,,,,
ws-ae7f4fa9,LACFD Camp Nine 2 (Loop) GEOLINKS,calibrated (T2 skyline: pan +0.22 tilt -1.55 roll +0.75 focal x1.034) 2026-10-01,"pan, tilt, roll, focal",0.22,-1.55,0.75,1.034,46.9,0.9,8,1.57,63.6,298.17,-0.96,62.8,20261001T020724Z,,,,,,,,,,
ws-ac9b6951,LACFD Helibase 69 Bravo E HPWREN,"calibrated (T0 published pointing; sun ok x1, az +0.0 el +0.1) 2026-10-01",,,,,,,,,,,,,,,consistent,4,0.11,0.21,,,,,,20261002T140932Z
ws-c1e477c7,Ladera Ridge 1 GEOLINKS,calibrated (T2 skyline: pan -0.61 tilt -0.77 roll +1.60 focal x1.044) 2026-10-01,"pan, tilt, roll, focal",-0.61,-0.77,1.6,1.044,20.8,1.0,8,2.57,14.0,210.28,-3.86,62.8,20261001T021402Z,,,,,,,,,,
ws-423d8666,Ladera Ridge 2 GEOLINKS,calibrated (T2 skyline: pan +0.33 tilt +0.29 roll +1.14 focal x1.035) 2026-10-01,"pan, tilt, roll, focal",0.33,0.29,1.14,1.035,12.7,0.8,8,2.57,17.5,212.95,0.0,62.8,20261001T020737Z,,,,,,,,,,
ws-c8b3b0d9,Lafayette Dunsyre Dr LAFAYETTEPD,"calibrated (T0 published pointing; sun ok x1, az -1.3 el +1.0) 2026-10-02",,,,,,,,,,,,,,,consistent,1,-1.26,1.03,,,,,,20261002T013751Z
ws-9847b27f,Lafayette Lucas Dr LAFAYETTEPD,calibrated (T2 skyline: pan +0.09 tilt -2.44 roll +1.94 focal x0.991; sun ok x1) 2026-10-02,"pan, tilt, roll, focal",0.09,-2.44,1.94,0.991,61.5,1.9,8,3.36,14.9,106.77,-5.59,65.33,20261001T020608Z,consistent,1,-1.55,3.13,1,-1.55,3.13,-1.07,1.19,20261002T143020Z
ws-23085d66,Laguna Peak 1 GEOLINKS,calibrated (T2 skyline: pan +0.83 tilt -1.12 roll -1.37 focal x0.980) 2026-10-01,"pan, tilt, roll, focal",0.83,-1.12,-1.37,0.98,25.4,2.1,8,2.35,48.4,50.9,0.72,65.33,20261001T020711Z,,,,,,,,,,
ws-17ff987f,Lahainaluna 1 HECO,"calibrated (T0 published pointing; sun ok x3, az +0.3 el -1.4) 2026-10-02",,,,,,,,,,,,,,,consistent,4,0.14,-1.41,,,,,,20261002T030544Z
ws-97bf36f5,Lake Perris North HPWREN,calibrated (T2 skyline: pan -0.04 tilt +0.10 roll +0.18 focal x1.008; sun ok x2) 2026-10-01,"pan, tilt, roll, focal",-0.04,0.1,0.18,1.008,3.9,1.2,8,3.16,4.9,109.25,3.98,65.33,20261001T131048Z,consistent,4,-0.07,-0.15,4,-0.07,-0.15,-0.03,-0.09,20261001T150821Z
ws-857d517e,Lake Shastina DIGITALPATH,calibrated (T2 skyline: pan +0.11 tilt -1.67 roll -0.24 focal x1.057) 2026-10-01,"pan, tilt, roll, focal",0.11,-1.67,-0.24,1.057,58.3,1.9,8,3.46,23.3,29.19,-2.12,62.8,20261001T021002Z,,,,,,,,,,
ws-f50de093,Lake Wohlford 1 HPWREN,calibrated (T2 skyline: pan -0.63 tilt -4.16 roll -2.16 focal x1.021) 2026-10-01,"pan, tilt, roll, focal",-0.63,-4.16,-2.16,1.021,106.8,1.2,8,2.48,4.6,311.12,2.77,65.33,20261001T131033Z,,,,,,,,,,
ws-54ff7787,Lake Wohlford 2 HPWREN,"calibrated (T2 skyline, flat horizon: tilt +0.25 roll -1.35; sun ok x1) 2026-10-01","tilt, roll",,0.25,-1.35,,12.5,1.4,4,2.27,13.9,71.51,2.92,65.33,20261001T131318Z,consistent,4,0.23,-0.33,4,0.23,-0.33,-0.25,0.46,20261002T142146Z
ws-538a3d87,Lakeview Big Bear 1 DESERTTECH,in progress (skyline good but sun off by az -3.0 deg on 2 frames),"pan, tilt, roll, focal",-0.39,-0.16,0.25,1.02,5.5,0.8,8,2.72,9.5,230.3,-0.87,62.8,20261001T131240Z,offset,2,-3.02,-4.24,2,-3.02,-4.24,-3.84,-4.61,20261001T003509Z
ws-f4122d5b,Lakeview Big Bear 2 DESERTTECH,"in progress (skyline fit and sun disagree: sun az -3.7 el -0.5 after the fit, az -3.1 el -0.7 as published, x1)","pan, tilt, roll, focal",-0.42,0.51,0.29,1.011,12.9,1.6,8,7.72,4.6,68.45,-2.71,62.8,20261001T131030Z,offset,3,-2.67,-0.3,1,-3.12,-0.72,-3.72,-0.45,20261001T141327Z
ws-38cf2e49,Lamont 2 KERN,"calibrated (T0 published pointing; sun ok x2, az -0.9 el -2.0) 2026-10-01",,,,,,,,,,,,,,,consistent,4,-0.95,-0.91,,,,,,20261002T141929Z
ws-47d6d6f1,Laughlin Ridge 1 DIGITALPATH,calibrated (T2 skyline: pan -0.37 tilt -0.59 roll +3.08 focal x1.040; sun ok x1) 2026-10-01,"pan, tilt, roll, focal",-0.37,-0.59,3.08,1.04,29.7,1.1,8,2.42,45.0,91.99,-4.95,65.33,20261001T020627Z,consistent,4,0.64,0.8,1,-0.16,0.21,-0.16,-1.52,20261001T151020Z
ws-10bdaa22,Laughlin Ridge 2 DIGITALPATH,calibrated (T2 skyline: pan +0.18 tilt +1.14 roll -0.58 focal x1.000) 2026-10-01,"pan, tilt, roll, focal",0.18,1.14,-0.58,1.0,32.5,0.5,8,1.14,33.3,290.02,-5.7,62.87,20261001T021338Z,,,,,,,,,,
ws-383b1812,Laytonville DIGITALPATH,"calibrated (T2 skyline, flat horizon: tilt +2.66 roll +0.40; <1 image/min) 2026-10-01","tilt, roll",,2.66,0.4,,67.9,1.3,8,0.8,62.4,59.79,-5.29,65.33,20261001T021242Z,,,,,,,,,,
ws-2f243e67,Lexington Hill DIGITALPATH,candidate,,,,,,,,,,,,,,,offset,3,-5.45,-3.23,,,,,,20261001T011059Z
ws-5c7909eb,Likely Mtn 1 REMOTELYLOCATED,"calibrated (T2 skyline, flat horizon: tilt +2.25 roll +1.19) 2026-10-01","tilt, roll",,2.25,1.19,,53.5,1.6,8,0.82,64.7,183.2,-13.81,65.33,20261001T021236Z,,,,,,,,,,
ws-e5bfdaa0,Likely Mtn 2 REMOTELYLOCATED,"calibrated (T2 skyline, flat horizon: tilt -1.33 roll -1.71) 2026-10-01","tilt, roll",,-1.33,-1.71,,33.0,1.0,8,1.65,39.9,44.8,0.22,65.33,20261001T020945Z,,,,,,,,,,
ws-48784931,Limekiln Canyon RIDGEWIRELESS,calibrated (T2 skyline: pan +0.57 tilt -0.13 roll +1.32 focal x1.007; sun ok x4) 2026-10-01,"pan, tilt, roll, focal",0.57,-0.13,1.32,1.007,11.2,1.6,8,1.5,7.3,259.99,-2.2,65.33,20261001T021049Z,consistent,4,-0.56,-0.56,4,-0.56,-0.56,0.28,-0.73,20261001T011230Z
ws-edbb0d3c,Little Mtn 1 SIO/UCSD,calibrated (T2 skyline: pan +0.24 tilt +1.02 roll +0.64 focal x1.033) 2026-10-01,"pan, tilt, roll, focal",0.24,1.02,0.64,1.033,23.4,1.8,8,4.28,24.8,310.3,-4.32,65.33,20261001T020631Z,,,,,,,,,,
ws-cd9cdb24,Logtown REMOTELYLOCATED,"calibrated (T0 published pointing; sun ok x2, az +0.7 el -2.9) 2026-10-01",,,,,,,,,,,,,,,consistent,3,0.02,-2.08,,,,,,20261002T012025Z
ws-952db905,Loma Prieta CRUZIO,"calibrated (T2 skyline, flat horizon: tilt +0.45 roll +1.46; sun ok x2; <1 image/min) 2026-10-02","tilt, roll",,0.45,1.46,,14.9,2.9,8,0.8,27.5,253.89,-3.86,38.02,20261001T021442Z,consistent,2,-0.93,-1.03,2,-0.93,-1.03,-0.91,-0.91,20261002T012743Z
ws-a8d77820,Lone Pine 1 LONEPINECOMMUNICATIONS,calibrated (T2 skyline: pan -0.39 tilt +2.24 roll -0.26 focal x1.015) 2026-10-01,"pan, tilt, roll, focal",-0.39,2.24,-0.26,1.015,56.0,0.8,8,4.65,12.2,65.24,1.32,65.33,20261001T020812Z,,,,,,,,,,
ws-15d5ca6d,Lone Pine 2 LONEPINECOMMUNICATIONS,"calibrated (T0 published pointing; sun ok x3, az -0.1 el +1.1) 2026-10-01",,,,,,,,,,,,,,,consistent,3,-0.07,1.11,,,,,,20261001T004733Z
ws-c8eb11a8,Longvale 2 DIGITALPATH,"calibrated (T0 published pointing; sun ok x4, az -0.6 el -1.4; <1 image/min) 2026-10-01",,,,,,,,,,,,,,,consistent,4,-0.64,-1.43,,,,,,20261001T010521Z
ws-c7290aa9,Los Alamos 1 GEOLINKS,"calibrated (T2 skyline, flat horizon: tilt +0.68 roll +1.72) 2026-10-01","tilt, roll",,0.68,1.72,,27.4,2.0,8,1.28,7.4,221.48,-1.07,65.07,20261001T021214Z,,,,,,,,,,
ws-f5bfabd6,Los Alamos 2 GEOLINKS,"calibrated (T2 skyline, flat horizon: tilt +0.81 roll +1.41) 2026-10-01","tilt, roll",,0.81,1.41,,16.3,1.6,8,1.22,5.8,357.73,-1.88,65.07,20261001T020549Z,,,,,,,,,,
ws-b1a1a820,Los Pinos North HPWREN,"calibrated (T0 published pointing; sun ok x2, az -0.6 el +0.1) 2026-10-01",,,,,,,,,,,,,,,consistent,2,-0.56,0.05,,,,,,20261002T011829Z
ws-aa73cf02,Lower Lake 1 DIGITALPATH,calibrated (T2 skyline: pan -0.09 tilt +0.80 roll -0.46 focal x1.015; <1 image/min) 2026-10-01,"pan, tilt, roll, focal",-0.09,0.8,-0.46,1.015,21.1,1.1,8,1.8,40.3,338.51,-3.01,65.33,20261001T021448Z,,,,,,,,,,
ws-b1f9f6bf,Lower Lake 2 DIGITALPATH,"calibrated (T0 published pointing; sun ok x1, az -0.7 el -1.6) 2026-10-01",,,,,,,,,,,,,,,consistent,4,-0.04,-0.82,,,,,,20261002T151915Z
ws-2b6efb20,Lower Mt Veeder 1 VALLEY,"calibrated (T2 skyline, flat horizon: tilt -0.09 roll -1.89) 2026-10-01","tilt, roll",,-0.09,-1.89,,14.8,1.8,8,1.32,14.6,51.62,-7.38,64.32,20261001T020549Z,,,,,,,,,,
ws-80fed503,Lower Mt Veeder 2 VALLEY,calibrated (T2 skyline: pan +0.30 tilt -1.55 roll -0.43 focal x1.009; sun ok x1) 2026-10-01,"pan, tilt, roll, focal",0.3,-1.55,-0.43,1.009,42.1,1.3,8,1.57,16.3,121.92,-0.33,65.33,20261001T020924Z,consistent,4,-0.98,3.69,4,-0.98,3.69,-0.47,2.07,20261002T142847Z
ws-3b3128d8,Lyons Peak 2 HPWREN,"calibrated (T0 published pointing; sun ok x1, az -0.1 el +3.2) 2026-10-01",,,,,,,,,,,,,,,consistent,2,-0.28,3.2,,,,,,20261002T012559Z
ws-908319e0,Magic Mtn 2 GEOLINKS,"calibrated (T2 skyline, flat horizon: tilt -1.39 roll -0.89) 2026-10-01","tilt, roll",,-1.39,-0.89,,41.2,1.9,8,0.88,66.2,358.0,-7.05,65.33,20261001T151301Z,,,,,,,,,,
ws-073cb174,Mail Ridge 2 (Satterlee) GEOLINKS,"calibrated (T2 skyline, flat horizon: tilt -1.33 roll +4.15) 2026-10-01","tilt, roll",,-1.33,4.15,,28.7,3.0,8,1.36,39.2,321.91,-7.72,65.33,20261001T021517Z,,,,,,,,,,
ws-814707bd,Mammoth Mtn 1 SIO/UCSD,slow (<1 image/min),,,,,,,,,,,,,,,offset,4,-2.35,-3.49,,,,,,20261002T142106Z
ws-0975e283,Marion Ridge North HPWREN,"calibrated (T0 published pointing; sun ok x5, az -1.0 el -0.9) 2026-10-01",,,,,,,,,,,,,,,consistent,5,-0.98,-0.95,,,,,,20261001T004144Z
ws-3ec4f6c9,Marion Ridge South HPWREN,"calibrated (T2 skyline, flat horizon: tilt +0.37 roll -1.64) 2026-10-01","tilt, roll",,0.37,-1.64,,13.6,1.6,8,1.35,47.6,181.34,-2.0,65.33,20261001T150956Z,,,,,,,,,,
ws-2acbe4c0,Marzano Peak 1 HPWREN,"calibrated (T2 skyline, flat horizon: tilt -2.89 roll +2.48; sun ok x5; <1 image/min) 2026-10-01","tilt, roll",,-2.89,2.48,,80.9,2.0,8,1.61,38.1,253.86,-2.77,65.33,20261001T020829Z,consistent,5,-0.13,3.4,5,-0.13,3.4,0.1,-0.03,20261001T011007Z
ws-1c8ffe76,Marzano Peak 2 HPWREN,"calibrated (T0 published pointing; sun ok x3, az -0.6 el +1.5) 2026-10-01",,,,,,,,,,,,,,,consistent,3,-0.6,1.53,,,,,,20261001T011157Z
ws-877396b3,Matilija 1 GEOLINKS,calibrated (T2 skyline: pan +1.02 tilt +3.17 roll -0.66 focal x0.967) 2026-10-01,"pan, tilt, roll, focal",1.02,3.17,-0.66,0.967,83.4,2.7,4,5.66,9.9,150.06,1.55,62.8,20261001T140837Z,,,,,,,,,,
ws-8ed2b1cb,McCabe Ridge 2 GEOLINKS,"calibrated (T0 published pointing; sun ok x2, az -0.6 el +1.3) 2026-10-01",,,,,,,,,,,,,,,consistent,2,-0.55,1.26,,,,,,20261002T012545Z
ws-625178dc,McDonald Pass 1 VERIZON,"calibrated (T0 published pointing; sun ok x5, az -0.2 el -2.6; <1 image/min) 2026-10-01",,,,,,,,,,,,,,,consistent,5,-0.16,-2.61,,,,,,20261001T231854Z
ws-e67c0f6e,McDonald Pass 2 VERIZON,"calibrated (T0 published pointing; sun ok x1, az +0.1 el +0.8; <1 image/min) 2026-10-01",,,,,,,,,,,,,,,consistent,4,0.04,2.19,,,,,,20261002T142921Z
ws-94522538,McKenzie Ridge UNWIREDBROADBAND,"calibrated (T0 published pointing; sun ok x4, az -0.7 el -0.8) 2026-10-02",,,,,,,,,,,,,,,consistent,4,-0.66,-0.82,,,,,,20261002T141944Z
ws-c9e7e9ab,McKittrick Summit North APPLIEDTECHNOLOGY,calibrated (T2 skyline: pan +0.19 tilt +1.75 roll -0.41 focal x1.016; sun ok x4) 2026-10-01,"pan, tilt, roll, focal",0.19,1.75,-0.41,1.016,44.9,0.4,8,1.11,37.6,237.65,-5.13,65.33,20261001T020637Z,consistent,5,0.19,-1.75,3,0.14,-1.88,0.04,-0.28,20261001T005626Z
ws-58e6bba7,Meadow Lakes UNWIREDBROADBAND,calibrated (T2 skyline: pan +0.03 tilt +0.28 roll +0.03 focal x1.037) 2026-10-01,"pan, tilt, roll, focal",0.03,0.28,0.03,1.037,3.5,2.5,8,2.05,31.8,32.1,-4.65,62.8,20261001T020857Z,,,,,,,,,,
ws-6918e462,Meadow Valley DIGITALPATH,calibrated (T2 skyline: pan +0.19 tilt -0.22 roll +0.38 focal x1.041; sun ok x4) 2026-10-01,"pan, tilt, roll, focal",0.19,-0.22,0.38,1.041,9.6,1.7,7,1.96,13.6,264.89,-0.29,62.8,20261001T021325Z,consistent,4,-0.59,-0.11,4,-0.59,-0.11,-0.01,-0.68,20261001T003754Z
ws-10312bb5,Meadowbrook 1 REMOTELYLOCATED,"calibrated (T0 published pointing; sun ok x1, az -0.3 el -2.5) 2026-10-01",,,,,,,,,,,,,,,consistent,4,0.93,0.34,,,,,,20261002T142101Z
ws-5ba067ef,Mebane 1 KERN,"calibrated (T2 skyline, flat horizon: tilt +1.43 roll +1.62; sun ok x1) 2026-10-01","tilt, roll",,1.43,1.62,,32.9,3.0,4,2.81,14.9,78.65,-5.98,62.8,20261001T220346Z,consistent,4,0.19,1.05,1,-0.37,2.01,-0.37,2.73,20261001T140704Z
ws-6f87d421,Mebane 2 KERN,calibrated (T2 skyline: pan +0.71 tilt -1.06 roll -1.71 focal x1.021) 2026-10-01,"pan, tilt, roll, focal",0.71,-1.06,-1.71,1.021,34.8,1.3,6,2.27,58.7,169.52,-7.07,65.33,20261001T151241Z,,,,,,,,,,
ws-9811145f,Merced 1 GEOLINKS,"calibrated (T2 skyline, flat horizon: tilt +1.59 roll +0.70; <1 image/min) 2026-10-01","tilt, roll",,1.59,0.7,,39.1,2.6,8,0.53,36.8,161.72,-1.7,65.33,20261001T021234Z,,,,,,,,,,
ws-534e9bb5,Merrell Rd CONIFER,calibrated (T2 skyline: pan +0.98 tilt -0.39 roll +0.76 focal x1.033) 2026-10-01,"pan, tilt, roll, focal",0.98,-0.39,0.76,1.033,17.0,1.9,8,1.89,54.8,338.81,-0.36,62.8,20261001T021105Z,,,,,,,,,,
ws-cfc7a9da,Mesa Grande North HPWREN,calibrated (T2 skyline: pan +0.23 tilt -0.94 roll +2.51 focal x1.028; <1 image/min) 2026-10-01,"pan, tilt, roll, focal",0.23,-0.94,2.51,1.028,29.4,1.3,8,2.5,18.0,317.31,-1.05,65.33,20261001T150558Z,,,,,,,,,,
ws-e0272f20,Mesa Grande South HPWREN,calibrated (T2 skyline: pan -0.04 tilt +0.04 roll +0.75 focal x0.998; <1 image/min) 2026-10-01,"pan, tilt, roll, focal",-0.04,0.04,0.75,0.998,6.5,0.6,8,2.06,24.5,129.15,-1.77,65.33,20261001T131458Z,,,,,,,,,,
ws-1bc8ca1f,Meyers SONOMA,calibrated (T2 skyline: pan -0.25 tilt -0.12 roll -0.99 focal x1.029) 2026-10-01,"pan, tilt, roll, focal",-0.25,-0.12,-0.99,1.029,8.5,0.9,8,1.16,23.8,30.13,-0.29,65.33,20261001T020603Z,,,,,,,,,,
ws-733571ee,Miami Peak 1 CONIFER,"calibrated (T2 skyline, flat horizon: tilt +0.78 roll +1.02; sun ok x2) 2026-10-01","tilt, roll",,0.78,1.02,,21.5,1.4,8,3.36,29.7,124.44,-2.36,65.33,20261001T020537Z,consistent,4,-0.42,-1.37,2,-0.51,-0.52,0.04,0.44,20261001T150922Z
ws-dd924d42,Milias Ranch 1 RIDGEWIRELESS,"calibrated (T0 published pointing; sun ok x4, az +0.7 el +1.1) 2026-10-02",,,,,,,,,,,,,,,consistent,4,0.66,1.1,,,,,,20261002T143929Z
ws-bd8d72e2,Milias Ranch 2 RIDGEWIRELESS,calibrated (T2 skyline: pan -0.20 tilt -0.19 roll -1.06 focal x1.015) 2026-10-01,"pan, tilt, roll, focal",-0.2,-0.19,-1.06,1.015,12.2,1.3,7,3.15,31.8,309.3,-0.5,65.33,20261001T161409Z,,,,,,,,,,
ws-ca3b8063,Millers Ranch 1 ARROYOSECO,calibrated (T2 skyline: pan -0.74 tilt -0.06 roll +2.35 focal x1.013; sun ok x1) 2026-10-01,"pan, tilt, roll, focal",-0.74,-0.06,2.35,1.013,20.3,0.7,8,1.98,9.7,68.7,-6.15,65.33,20261001T020542Z,consistent,2,-1.68,1.55,1,0.23,1.41,-0.46,0.2,20261001T141330Z
ws-9facd158,Millers Ranch 2 ARROYOSECO,calibrated (T2 skyline: pan +0.05 tilt -0.72 roll +2.22 focal x1.003; sun ok x1; <1 image/min) 2026-10-01,"pan, tilt, roll, focal",0.05,-0.72,2.22,1.003,17.9,0.6,8,1.98,9.7,77.37,-1.15,65.33,20261001T020702Z,consistent,4,0.25,1.94,1,-0.24,2.35,-0.08,0.98,20261001T141359Z
ws-de2ba6e5,Minnesota Hill 1 (Fallbrook) NORTHCOUNTYFIRE,calibrated (T2 skyline: pan +0.10 tilt +0.33 roll -0.22 focal x1.038) 2026-10-01,"pan, tilt, roll, focal",0.1,0.33,-0.22,1.038,2.8,1.4,8,2.33,14.6,294.23,-5.4,65.33,20261001T151304Z,,,,,,,,,,
ws-8373e903,Minnesota Hill 2 (Fallbrook) NORTHCOUNTYFIRE,calibrated (T2 skyline: pan +0.47 tilt +2.96 roll +0.16 focal x1.018; <1 image/min) 2026-10-01,"pan, tilt, roll, focal",0.47,2.96,0.16,1.018,75.3,0.7,8,1.78,14.2,306.35,-6.24,65.33,20261001T131442Z,,,,,,,,,,
ws-dccd6e71,Mission Peak 1 SANTACLARA,"calibrated (T2 skyline, flat horizon: tilt -3.25 roll +1.66; sun ok x1) 2026-10-02","tilt, roll",,-3.25,1.66,,93.0,2.1,3,0.68,51.0,277.89,-2.04,62.8,20261001T180642Z,consistent,1,-0.47,0.38,,,,,,20261002T012845Z
ws-70279015,Mission Peak 2 SANTACLARA,"calibrated (T0 published pointing; sun ok x3, az -0.3 el -2.9) 2026-10-02",,,,,,,,,,,,,,,consistent,3,-0.31,-2.88,,,,,,20261002T142841Z
ws-614ad330,Mohrhardt Ridge 1 GEOLINKS,"in progress (skyline fit and sun disagree: sun az -2.8 el +0.6 after the fit, az -2.8 el -2.6 as published, x4)","tilt, roll",,4.46,1.97,,113.0,1.7,8,1.21,47.4,74.98,-6.0,65.33,20261001T021300Z,unclear,4,-2.77,-2.61,4,-2.77,-2.61,-2.77,0.62,20261002T143927Z
ws-debb0a84,Mohrhardt Ridge 2 GEOLINKS,"calibrated (T2 skyline, flat horizon: tilt +1.13 roll +1.76) 2026-10-01","tilt, roll",,1.13,1.76,,17.5,2.5,8,0.99,45.5,300.73,-5.99,62.8,20261001T021558Z,,,,,,,,,,
ws-e6557d7e,Mojave Admin 1 KERN,"calibrated (T2 skyline, flat horizon: tilt +0.98 roll -2.68) 2026-10-01","tilt, roll",,0.98,-2.68,,24.7,2.2,8,3.21,14.2,343.21,-1.91,62.8,20261001T020725Z,,,,,,,,,,
ws-2f5d45cd,Mojave Admin 2 KERN,calibrated (T2 skyline: pan +0.91 tilt +2.51 roll -2.32 focal x1.024; sun ok x5) 2026-10-01,"pan, tilt, roll, focal",0.91,2.51,-2.32,1.024,66.9,1.9,8,2.68,20.4,272.44,-5.58,62.8,20261001T020834Z,consistent,6,-0.78,-1.64,3,-0.82,-1.78,-0.15,-0.11,20261001T005451Z
ws-efc509a9,Moonraker SONOMA,calibrated (T2 skyline: pan -0.70 tilt +1.46 roll -1.45 focal x1.032) 2026-10-01,"pan, tilt, roll, focal",-0.7,1.46,-1.45,1.032,37.8,1.3,8,1.51,19.9,359.32,-2.98,62.8,20261001T021436Z,,,,,,,,,,
ws-1b0c519a,Moraga Alta Mesa LAFAYETTEPD,calibrated (T2 skyline: pan +1.02 tilt +1.27 roll +1.80 focal x1.023; sun ok x4) 2026-10-01,"pan, tilt, roll, focal",1.02,1.27,1.8,1.023,31.2,2.0,8,1.33,6.2,271.47,-4.34,62.8,20261001T021120Z,consistent,4,-1.61,-2.38,3,-1.67,-3.18,0.01,-1.73,20261001T005224Z
ws-473d3844,Moraga Fay Hill LAFAYETTEPD,calibrated (T2 skyline: pan +0.57 tilt -1.52 roll +0.49 focal x1.005) 2026-10-01,"pan, tilt, roll, focal",0.57,-1.52,0.49,1.005,40.9,1.6,8,1.4,7.2,204.73,-1.68,65.33,20261001T020505Z,,,,,,,,,,
ws-c2259d09,Morgan Summit DIGITALPATH,calibrated (T2 skyline: pan +0.36 tilt +2.06 roll +1.24 focal x1.025) 2026-10-01,"pan, tilt, roll, focal",0.36,2.06,1.24,1.025,53.0,0.8,8,1.74,23.2,138.61,-0.98,65.33,20261001T021308Z,,,,,,,,,,
ws-61baf556,Mount McDill 1 SIO/UCSD,calibrated (T2 skyline: pan -0.11 tilt -0.71 roll -0.04 focal x1.023) 2026-10-01,"pan, tilt, roll, focal",-0.11,-0.71,-0.04,1.023,22.4,0.8,6,2.25,23.4,187.63,-4.93,65.33,20261001T151110Z,,,,,,,,,,
ws-7176c1f4,Mount McDill 2 SIO/UCSD,"calibrated (T0 published pointing; sun ok x2, az -1.3 el -0.8) 2026-10-01",,,,,,,,,,,,,,,consistent,4,-0.68,0.18,,,,,,20261001T140854Z
ws-0252a5cc,Mt. Abel 2 FRAZIERMTN,"calibrated (T0 published pointing; sun ok x2, az +0.7 el -0.7) 2026-10-01",,,,,,,,,,,,,,,consistent,3,0.75,-0.32,,,,,,20261002T012009Z
ws-382c7377,Mt. Adelaide 1 APPLIEDTECHNOLOGY,"calibrated (T0 published pointing; sun ok x1, az +0.7 el -1.7; <1 image/min) 2026-10-01",,,,,,,,,,,,,,,consistent,2,0.84,-1.5,,,,,,20261002T011923Z
ws-1827e945,Mt. Adelaide North UNWIREDBROADBAND,"calibrated (T0 published pointing; sun ok x1, az -0.5 el -0.3) 2026-10-02",,,,,,,,,,,,,,,consistent,1,-0.53,-0.29,,,,,,20261002T012800Z
ws-23c63b58,Mt. Allison LAFAYETTEPD,calibrated (T2 skyline: pan +0.12 tilt +2.43 roll +0.25 focal x1.005; sun ok x1) 2026-10-02,"pan, tilt, roll, focal",0.12,2.43,0.25,1.005,63.0,1.3,4,1.72,16.8,112.26,-7.46,65.33,20261001T220204Z,consistent,1,-0.93,-2.15,,,,,,20261002T142200Z
ws-f1b3fa29,Mt. Ararat 1 REMOTELYLOCATED,"calibrated (T2 skyline, flat horizon: tilt +0.51 roll +3.88; <1 image/min) 2026-10-01","tilt, roll",,0.51,3.88,,28.9,2.0,5,1.22,49.2,52.95,-3.97,65.33,20261001T161257Z,,,,,,,,,,
ws-13476ce4,Mt. Ararat 2 REMOTELYLOCATED,"calibrated (T2 skyline, flat horizon: tilt -0.18 roll -2.48) 2026-10-01","tilt, roll",,-0.18,-2.48,,19.6,2.0,8,0.65,130.8,215.93,-2.47,65.33,20261001T021028Z,,,,,,,,,,
ws-1c79647e,Mt. Aukum 1 REMOTELYLOCATED,"calibrated (T2 skyline, flat horizon: tilt -0.59 roll +0.46; <1 image/min) 2026-10-01","tilt, roll",,-0.59,0.46,,17.9,2.9,8,0.72,126.2,199.48,-4.18,65.33,20261001T021503Z,,,,,,,,,,
ws-30886945,Mt. Aukum 2 REMOTELYLOCATED,"calibrated (T2 skyline, flat horizon: tilt +1.40 roll +0.36; sun ok x1) 2026-10-01","tilt, roll",,1.4,0.36,,36.8,2.8,8,1.05,40.8,95.12,-1.23,65.33,20261001T020826Z,consistent,4,-0.24,-0.31,1,0.34,-3.27,0.26,-2.14,20261001T150716Z
ws-cc17e38e,Mt. Bradley 1 DIGITALPATH,calibrated (T2 skyline: pan +0.12 tilt -2.83 roll +1.26 focal x1.021) 2026-10-01,"pan, tilt, roll, focal",0.12,-2.83,1.26,1.021,78.6,0.5,8,6.89,22.6,6.17,0.97,65.33,20261001T020930Z,,,,,,,,,,
ws-95d7c27e,Mt. Burdell South DIGITALPATH,"calibrated (T2 skyline, flat horizon: tilt +0.17 roll +0.63; sun ok x3) 2026-10-01","tilt, roll",,0.17,0.63,,5.7,0.8,8,0.65,23.2,270.35,-1.85,64.82,20261001T021352Z,consistent,4,-0.41,-0.75,3,-0.34,-0.76,0.06,-0.68,20261001T005512Z
ws-04fea13e,Mt. Chual GEOLINKS,"calibrated (T2 skyline, flat horizon: tilt -0.35 roll -0.26) 2026-10-01","tilt, roll",,-0.35,-0.26,,15.6,2.7,7,0.89,32.6,292.88,-8.77,62.8,20261001T160931Z,unclear,1,3.35,-0.04,1,3.35,-0.04,3.74,-0.66,20261002T013633Z
ws-b8f1fdc0,Mt. David (North) HPWREN,calibrated (T2 skyline: pan +0.00 tilt +0.59 roll -0.85 focal x1.011; sun ok x1) 2026-10-01,"pan, tilt, roll, focal",0.0,0.59,-0.85,1.011,17.8,0.6,8,4.21,29.4,93.58,-1.9,65.33,20261001T131118Z,consistent,4,-0.1,-1.03,4,-0.1,-1.03,-0.24,-0.45,20261002T142253Z
ws-9e2ac03d,Mt. David (South) HPWREN,calibrated (T2 skyline: pan -0.13 tilt -0.54 roll -0.95 focal x0.996; <1 image/min) 2026-10-01,"pan, tilt, roll, focal",-0.13,-0.54,-0.95,0.996,15.6,1.2,2,2.15,51.5,181.03,-0.11,62.4,20261001T200916Z,,,,,,,,,,
ws-da136d42,Mt. Diablo LAFAYETTEPD,"calibrated (T2 skyline, flat horizon: tilt -2.48 roll -0.34) 2026-10-01","tilt, roll",,-2.48,-0.34,,77.6,2.6,4,0.73,64.7,208.58,-8.85,62.8,20261001T220329Z,,,,,,,,,,
ws-0eea8279,Mt. Diablo North LAFAYETTEPD,"calibrated (T0 published pointing; sun ok x1, az -0.2 el +2.0) 2026-10-01",,,,,,,,,,,,,,,consistent,3,-0.23,1.97,,,,,,20261001T141135Z
ws-050f8100,Mt. Diablo West UNWIREDLTD,"calibrated (T0 published pointing; sun ok x1, az -0.8 el +1.5) 2026-10-01",,,,,,,,,,,,,,,consistent,3,-0.79,0.7,,,,,,20261002T142019Z
ws-95dfd9d2,Mt. Disappointment 1 SIO/UCSD,calibrated (T2 skyline: pan +0.13 tilt +2.46 roll -1.90 focal x1.034; sun ok x1; <1 image/min) 2026-10-01,"pan, tilt, roll, focal",0.13,2.46,-1.9,1.034,58.8,1.3,8,2.72,41.9,79.31,-2.86,65.33,20261001T020650Z,consistent,4,0.21,-2.58,1,0.39,-2.69,-0.09,0.11,20261001T140521Z
ws-e9c0eb3e,Mt. Disappointment 2 SIO/UCSD,"calibrated (T0 published pointing; sun ok x3, az +0.1 el +1.4; <1 image/min) 2026-10-01",,,,,,,,,,,,,,,consistent,4,0.03,1.71,,,,,,20261001T005750Z
ws-a681038e,Mt. Elizabeth 1 CONIFER,"calibrated (T2 skyline, flat horizon: tilt -1.34 roll +1.16) 2026-10-01","tilt, roll",,-1.34,1.16,,37.2,2.2,8,0.97,48.9,64.22,0.99,65.33,20261001T021139Z,,,,,,,,,,
ws-d1138d1b,Mt. Elizabeth 2 CONIFER,"calibrated (T0 published pointing; sun ok x2, az -1.1 el +0.5) 2026-10-01",,,,,,,,,,,,,,,consistent,3,-0.71,-0.12,,,,,,20261002T012739Z
ws-1db3839d,Mt. Frazier 1 GEOLINKS,calibrated (T2 skyline: pan -0.17 tilt -0.42 roll +0.16 focal x1.023) 2026-10-01,"pan, tilt, roll, focal",-0.17,-0.42,0.16,1.023,14.8,1.2,8,1.25,27.5,207.39,-5.98,62.8,20261001T020636Z,,,,,,,,,,
ws-c87763f8,Mt. Hamilton SCC 1 LICKOBSERVATORY,"calibrated (T2 skyline, flat horizon: tilt -0.17 roll +1.99; sun ok x2) 2026-10-02","tilt, roll",,-0.17,1.99,,17.1,0.9,6,0.56,51.6,258.61,-4.85,65.33,20261001T161256Z,consistent,2,0.03,2.39,2,0.03,2.39,0.33,1.86,20261002T011808Z
ws-e2767d92,Mt. Harvard 1 GEOLINKS,calibrated (T2 skyline: pan -0.30 tilt +0.49 roll +0.15 focal x1.052) 2026-10-01,"pan, tilt, roll, focal",-0.3,0.49,0.15,1.052,12.8,2.3,8,3.9,5.8,303.44,-0.17,62.8,20261001T020633Z,,,,,,,,,,
ws-ad0f418c,Mt. Harvard 2 GEOLINKS,"calibrated (T0 published pointing; sun ok x1, az +1.4 el -0.2; <1 image/min) 2026-10-01",,,,,,,,,,,,,,,consistent,4,1.92,0.05,,,,,,20261001T141326Z
ws-fe2a77c9,Mt. Helen 1 GEOLINKS,calibrated (T2 skyline: pan +0.07 tilt -0.20 roll +0.45 focal x1.031) 2026-10-01,"pan, tilt, roll, focal",0.07,-0.2,0.45,1.031,6.1,1.3,8,1.58,37.2,214.05,0.4,62.8,20261001T020927Z,,,,,,,,,,
ws-0307cb6c,Mt. Helen 2 GEOLINKS,calibrated (T2 skyline: pan -0.38 tilt -0.31 roll -0.78 focal x1.034) 2026-10-01,"pan, tilt, roll, focal",-0.38,-0.31,-0.78,1.034,13.7,1.2,8,2.73,7.2,1.19,-4.17,65.33,20261001T020710Z,,,,,,,,,,
ws-36f26fc3,Mt. Jackson SONOMA,"calibrated (T2 skyline, flat horizon: tilt +0.97 roll +0.55; sun ok x1) 2026-10-01","tilt, roll",,0.97,0.55,,27.0,1.5,4,0.9,41.3,107.52,-0.73,62.8,20261001T180541Z,consistent,4,-0.45,-0.6,1,-0.09,-0.53,0.09,0.27,20261001T150927Z
ws-03fb6666,Mt. Jackson West DIGITALPATH,calibrated (T2 skyline: pan -0.06 tilt -0.38 roll +0.10 focal x1.021) 2026-10-01,"pan, tilt, roll, focal",-0.06,-0.38,0.1,1.021,11.0,0.9,6,1.27,35.7,349.72,-0.65,64.57,20261001T161124Z,,,,,,,,,,
ws-7c39fda3,Mt. Konocti REMOTELYLOCATED,"calibrated (T2 skyline, flat horizon: tilt +1.25 roll +1.07) 2026-10-01","tilt, roll",,1.25,1.07,,30.1,1.8,8,1.37,63.1,325.24,-4.06,62.8,20261001T021402Z,,,,,,,,,,
ws-2d97a352,Mt. Laguna Obsv South HPWREN,"calibrated (T2 skyline, flat horizon: tilt +0.21 roll +0.10) 2026-10-01","tilt, roll",,0.21,0.1,,4.3,1.3,8,0.86,83.0,153.86,-2.75,65.33,20261001T131414Z,,,,,,,,,,
ws-00d82100,Mt. Lee N HPWREN,calibrated (T2 skyline: pan +0.35 tilt +1.28 roll -0.26 focal x1.015) 2026-10-01,"pan, tilt, roll, focal",0.35,1.28,-0.26,1.015,33.3,1.0,8,2.14,27.1,342.04,-8.1,65.33,20261001T021028Z,,,,,,,,,,
ws-4515f7ef,Mt. Lukens 2 GEOLINKS,calibrated (T2 skyline: pan +0.14 tilt -1.45 roll -0.54 focal x1.012) 2026-10-01,"pan, tilt, roll, focal",0.14,-1.45,-0.54,1.012,42.0,1.1,8,1.71,16.3,38.56,-5.3,65.33,20261001T020532Z,,,,,,,,,,
ws-573345b5,Mt. Madonna ETHERIC/LAFAYETTEPD,"calibrated (T2 skyline, flat horizon: tilt +1.19 roll -1.50; sun ok x4) 2026-10-02","tilt, roll",,1.19,-1.5,,30.1,1.1,8,0.8,31.5,80.21,-0.81,65.33,20261001T021532Z,offset,4,1.02,-4.07,4,1.02,-4.07,0.63,-2.5,20261002T142918Z
ws-a0132ec0,Mt. Provo CONIFER,candidate,,,,,,,,,,,,,,,unclear,1,-2.8,10.24,,,,,,20261001T141106Z
ws-6d216072,Mt. Rincon 1 GEOLINKS,calibrated (T2 skyline: pan -0.18 tilt -0.36 roll -0.71 focal x1.020) 2026-10-01,"pan, tilt, roll, focal",-0.18,-0.36,-0.71,1.02,15.2,1.9,6,2.47,32.4,46.23,-6.01,62.8,20261001T150523Z,,,,,,,,,,
ws-e1922b9e,Mt. San Miguel North HPWREN,calibrated (T2 skyline: pan +0.68 tilt -0.16 roll +0.19 focal x0.987; <1 image/min) 2026-10-01,"pan, tilt, roll, focal",0.68,-0.16,0.19,0.987,3.8,1.8,7,1.39,76.3,3.96,-6.25,65.33,20261001T151044Z,,,,,,,,,,
ws-a13a7ba6,Mt. San Miguel South HPWREN,"in progress (skyline fit asks for pan +2.1 deg, unconfirmed)","pan, tilt, roll, focal",2.1,-0.62,-1.89,0.921,18.7,2.9,8,1.57,43.2,133.59,-5.61,65.33,20261001T131022Z,,,,,,,,,,
ws-0c1442c9,Mt. Sanel 1 DIGITALPATH,"calibrated (T2 skyline, flat horizon: tilt -2.32 roll -0.97) 2026-10-01","tilt, roll",,-2.32,-0.97,,62.7,1.0,6,1.53,68.7,350.24,-3.31,65.33,20261001T160545Z,,,,,,,,,,
ws-9270c25e,Mt. Sanel 2 DIGITALPATH,"calibrated (T2 skyline, flat horizon: tilt -1.63 roll +1.82; sun ok x3) 2026-10-02","tilt, roll",,-1.63,1.82,,41.9,1.3,8,1.16,50.8,77.37,-0.26,65.33,20261001T021251Z,consistent,3,-0.47,3.33,,,,,,20261002T150018Z
ws-2b6b07af,Mt. Vaca 8 North DIGITALPATH,candidate,,,,,,,,,,,,,,,unclear,1,-3.2,-3.08,,,,,,20261001T005417Z
ws-ed28f959,Mt. Vision BOLINASLAN,"calibrated (T2 skyline, flat horizon: tilt -0.31 roll +0.70) 2026-10-01","tilt, roll",,-0.31,0.7,,10.4,2.9,2,0.91,54.6,44.83,-3.02,65.33,20261001T220146Z,,,,,,,,,,
ws-1ad983fd,Mt. Wilson East HPWREN,"calibrated (T0 published pointing; sun ok x1, az -0.4 el +1.0) 2026-10-01",,,,,,,,,,,,,,,consistent,4,-0.12,0.95,,,,,,20261002T141027Z
ws-0a9035eb,Mt. Wilson West HPWREN,calibrated (T2 skyline: pan +0.13 tilt +0.22 roll +0.61 focal x1.020) 2026-10-01,"pan, tilt, roll, focal",0.13,0.22,0.61,1.02,3.3,1.7,8,2.13,19.7,321.61,-4.49,65.33,20261001T151253Z,,,,,,,,,,
ws-bccb54aa,Mt. Woodson HPWREN,"calibrated (T0 published pointing; sun ok x1, az -0.2 el -0.4) 2026-10-01",,,,,,,,,,,,,,,consistent,1,-0.22,-0.37,,,,,,20261001T140804Z
ws-b1c5d9c7,Mt. Zion 2 REMOTELYLOCATED,calibrated (T2 skyline: pan -0.64 tilt +1.68 roll -0.75 focal x0.979; sun ok x1) 2026-10-01,"pan, tilt, roll, focal",-0.64,1.68,-0.75,0.979,49.1,0.6,8,1.05,45.2,83.88,-0.38,60.44,20261001T020950Z,consistent,1,-0.55,-2.45,1,-0.55,-2.45,-0.83,-0.43,20261001T150542Z
ws-6b8c0041,Mtn High East 2 MTNHIGHSKIRESORT,candidate,,,,,,,,,,,,,,,unclear,1,-0.14,-5.07,,,,,,20261002T011956Z
ws-18b4bd08,Mtn High West 2 MTNHIGHSKIRESORT,calibrated (T2 skyline: pan -1.77 tilt -2.58 roll +0.69 focal x1.015; sun ok x1) 2026-10-02,"pan, tilt, roll, focal",-1.77,-2.58,0.69,1.015,72.1,1.3,7,4.64,105.7,293.18,-1.07,65.33,20261001T150625Z,consistent,1,1.65,2.39,1,1.65,2.39,0.41,0.33,20261001T011533Z
ws-9fe708d9,Mulholland Ridge LAFAYETTEPD,calibrated (T2 skyline: pan +0.11 tilt +0.19 roll -0.67 focal x1.014; sun ok x1) 2026-10-01,"pan, tilt, roll, focal",0.11,0.19,-0.67,1.014,3.7,2.5,8,1.74,19.1,120.57,-2.54,65.33,20261001T020907Z,consistent,4,-0.49,-0.35,1,-0.37,-0.65,-0.22,-0.82,20261001T151148Z
ws-777b9e98,North Fork 1 SIO/UCSD,calibrated (T2 skyline: pan +0.33 tilt -0.96 roll +2.89 focal x0.942) 2026-10-01,"pan, tilt, roll, focal",0.33,-0.96,2.89,0.942,28.4,0.9,8,3.73,20.2,136.38,0.94,53.1,20261001T020845Z,,,,,,,,,,
ws-665977f8,North Fork 2 SIO/UCSD,"calibrated (T0 published pointing; sun ok x5, az +0.3 el +2.8) 2026-10-01",,,,,,,,,,,,,,,consistent,5,0.27,2.78,,,,,,20261001T004651Z
ws-0fbc9bec,North Placerville REMOTELYLOCATED,"calibrated (T0 published pointing; sun ok x1, az +1.3 el +1.1) 2026-10-02",,,,,,,,,,,,,,,consistent,1,1.26,1.08,,,,,,20261002T143040Z
ws-64e4b248,North Portola DIGITALPATH,calibrated (T2 skyline: pan -0.37 tilt -0.11 roll +0.09 focal x1.017) 2026-10-01,"pan, tilt, roll, focal",-0.37,-0.11,0.09,1.017,4.1,1.0,7,3.15,5.6,3.01,-0.8,65.33,20261001T160835Z,,,,,,,,,,
ws-d41563d4,Oak Canyon 1 CITYANAHEIM,"calibrated (T0 published pointing; sun ok x5, az +0.3 el -1.7) 2026-10-01",,,,,,,,,,,,,,,consistent,5,0.31,-1.71,,,,,,20261001T005725Z
ws-41519fe7,Oak Canyon 2 CITYANAHEIM,"calibrated (T0 published pointing; sun ok x4, az -0.4 el +1.1) 2026-10-02",,,,,,,,,,,,,,,consistent,4,-0.4,1.09,,,,,,20261002T142234Z
ws-cae33db2,Oak Ridge 1 SONOMA,"calibrated (T2 skyline, flat horizon: tilt +2.32 roll -0.13) 2026-10-01","tilt, roll",,2.32,-0.13,,62.3,2.6,8,0.98,28.5,332.46,-4.62,62.8,20261001T021023Z,,,,,,,,,,
ws-0eaaa1d5,Oak Ridge 2 SONOMA,"calibrated (T2 skyline, flat horizon: tilt +2.21 roll -0.75) 2026-10-01","tilt, roll",,2.21,-0.75,,55.3,1.3,8,0.85,27.2,148.57,-5.45,65.33,20261001T021049Z,,,,,,,,,,
ws-5f9495a9,Oakland Clorox LAFAYETTEPD,"calibrated (T2 skyline, flat horizon: tilt -0.42 roll -2.75) 2026-10-01","tilt, roll",,-0.42,-2.75,,20.4,1.7,6,2.37,9.4,24.31,2.99,62.8,20261001T160611Z,,,,,,,,,,
ws-cfb7d09f,Oakland Coliseum LAFAYETTEPD,calibrated (T2 skyline: pan -0.24 tilt -0.88 roll +3.08 focal x1.050) 2026-10-01,"pan, tilt, roll, focal",-0.24,-0.88,3.08,1.05,35.3,1.8,6,3.1,8.2,0.44,-0.63,65.33,20261001T161552Z,,,,,,,,,,
ws-a854524f,Oat Mtn North 1 GEOLINKS,"calibrated (T2 skyline, flat horizon: tilt -1.12 roll +1.41) 2026-10-01","tilt, roll",,-1.12,1.41,,35.3,2.6,8,0.81,42.5,-0.11,-3.63,62.8,20261001T021039Z,,,,,,,,,,
ws-273f4138,Oat Mtn North 2 GEOLINKS,"calibrated (T2 skyline, flat horizon: tilt +0.51 roll +2.61) 2026-10-01","tilt, roll",,0.51,2.61,,14.0,2.6,8,0.75,68.8,184.59,-2.68,65.33,20261001T020810Z,,,,,,,,,,
ws-1225b0fd,Oat Mtn South 1 GEOLINKS,calibrated (T2 skyline: pan -0.10 tilt -1.39 roll +0.33 focal x1.032; sun ok x1) 2026-10-01,"pan, tilt, roll, focal",-0.1,-1.39,0.33,1.032,41.1,0.9,8,1.61,43.1,76.18,-1.48,62.8,20261001T003115Z,consistent,4,0.53,2.57,1,-0.01,2.49,-0.69,0.86,20261001T141004Z
ws-e9414458,Oat Mtn South 2 GEOLINKS,"in progress (skyline fit asks for pan +3.7 deg, unconfirmed)","pan, tilt, roll, focal",3.7,-0.15,1.52,0.904,13.1,1.9,8,1.36,43.5,351.3,-1.73,65.33,20261001T021152Z,,,,,,,,,,
ws-fbcbfb19,Olancha 2 LONEPINECOMMUNICATIONS,calibrated (T2 skyline: pan +0.08 tilt -3.03 roll +1.02 focal x1.013; sun ok x1) 2026-10-02,"pan, tilt, roll, focal",0.08,-3.03,1.02,1.013,83.0,0.8,8,2.79,15.5,71.07,1.77,65.33,20261001T003619Z,offset,2,0.18,4.35,1,-0.19,5.21,-0.44,1.97,20261001T140900Z
ws-35e459ca,Omo Ranch Rd 2 REMOTELYLOCATED,"calibrated (T2 skyline, flat horizon: tilt +0.34 roll +1.31) 2026-10-01","tilt, roll",,0.34,1.31,,7.9,1.7,8,1.57,53.9,328.23,-3.99,62.8,20261001T020516Z,,,,,,,,,,
ws-b21b8de8,Onyx Peak South 1 GEOLINKS,"calibrated (T0 published pointing; sun ok x2, az -0.7 el -3.0) 2026-10-02",,,,,,,,,,,,,,,consistent,2,-0.73,-2.97,,,,,,20261002T143119Z
ws-d8ffebfa,Onyx Peak South 2 GEOLINKS,calibrated (T2 skyline: pan +0.14 tilt -0.40 roll -0.50 focal x0.983; sun ok x5) 2026-10-01,"pan, tilt, roll, focal",0.14,-0.4,-0.5,0.983,10.1,0.6,8,4.37,15.7,240.13,-2.37,60.6,20261001T131455Z,consistent,5,-0.8,-0.57,4,-0.92,-0.66,-0.57,-0.68,20261001T003515Z
ws-116091f3,Orcutt 1 PEAKWIFI,"calibrated (T2 skyline, flat horizon: tilt +3.16 roll +4.02; sun ok after this correction x4) 2026-10-01","tilt, roll",,3.16,4.02,,52.4,1.5,8,2.06,7.2,264.21,-7.79,65.33,20261001T021401Z,consistent,5,0.54,-3.46,2,0.57,-4.31,1.44,-1.19,20261001T010945Z
ws-a99ca584,Orcutt 2 PEAKWIFI,"calibrated (T0 published pointing; sun ok x4, az +1.3 el +0.3) 2026-10-02",,,,,,,,,,,,,,,consistent,4,1.29,0.34,,,,,,20261002T142128Z
ws-2aea8929,Oregon House DIGITALPATH,"calibrated (T0 published pointing; sun ok x5, az -0.3 el -2.4) 2026-10-01",,,,,,,,,,,,,,,consistent,5,-0.33,-2.38,,,,,,20261001T004955Z
ws-89fe3586,Oregon Mtn 1 GEOLINKS,calibrated (T2 skyline: pan +0.62 tilt +0.60 roll +0.26 focal x1.001; sun ok x3; <1 image/min) 2026-10-02,"pan, tilt, roll, focal",0.62,0.6,0.26,1.001,15.9,1.4,8,4.0,36.1,70.81,-1.85,62.8,20261001T021404Z,consistent,3,-1.52,1.23,,,,,,20261002T143126Z
ws-46588f40,Oregon Mtn 2 GEOLINKS,calibrated (T2 skyline: pan +0.76 tilt +0.62 roll -0.33 focal x1.021; sun ok x5) 2026-10-01,"pan, tilt, roll, focal",0.76,0.62,-0.33,1.021,17.1,0.9,8,2.46,19.0,277.39,-0.99,65.33,20261001T020910Z,consistent,6,-0.69,-0.47,6,-0.69,-0.47,0.38,-0.21,20261001T004814Z
ws-ad29235e,Oregon Peak 1 DIGITALPATH,"calibrated (T2 skyline, flat horizon: tilt +0.23 roll +1.40) 2026-10-01","tilt, roll",,0.23,1.4,,11.0,1.2,8,1.78,51.8,340.44,0.31,65.33,20261001T020612Z,,,,,,,,,,
ws-05b3d837,Oregon Peak 2 DIGITALPATH,"calibrated (T2 skyline, flat horizon: tilt -3.82 roll +0.08) 2026-10-01","tilt, roll",,-3.82,0.08,,103.0,1.3,5,0.63,48.8,58.22,0.48,65.33,20261001T161423Z,,,,,,,,,,
ws-82ed859d,Osborn Preserve 2 SIO/UCSD,calibrated (T2 skyline: pan -0.52 tilt +3.67 roll -0.76 focal x1.014; <1 image/min) 2026-10-01,"pan, tilt, roll, focal",-0.52,3.67,-0.76,1.014,96.9,1.2,8,1.3,35.3,355.17,-2.84,65.33,20261001T021307Z,,,,,,,,,,
ws-c5b441e9,Otay Mtn 1 HPWREN,calibrated (T2 skyline: pan -0.68 tilt +0.75 roll -1.17 focal x1.030; <1 image/min) 2026-10-01,"pan, tilt, roll, focal",-0.68,0.75,-1.17,1.03,13.0,0.8,5,1.06,49.4,62.03,-5.62,65.33,20261001T130915Z,,,,,,,,,,
ws-9b9a19ba,Outingdale REMOTELYLOCATED,calibrated (T2 skyline: pan +0.34 tilt +0.57 roll +0.13 focal x1.022) 2026-10-01,"pan, tilt, roll, focal",0.34,0.57,0.13,1.022,14.7,1.0,8,1.79,8.1,147.88,-0.13,65.33,20261001T020852Z,,,,,,,,,,
ws-ef84f305,Oven Lid 2 DIGITALPATH,"in progress (skyline fit asks for pan +2.9 deg, unconfirmed)","pan, tilt, roll, focal",2.94,0.53,-2.36,1.058,22.5,1.8,8,1.42,10.3,154.44,-2.0,65.33,20261001T021239Z,,,,,,,,,,
ws-e38b5d0c,Owens Mtn UNWIREDBROADBAND,"calibrated (T0 published pointing; sun ok x1, az +0.5 el -1.1) 2026-10-01",,,,,,,,,,,,,,,consistent,4,0.82,-1.31,,,,,,20261002T140836Z
ws-8032aa36,Pacheco Peak 1 GEOLINKS,"calibrated (T2 skyline, flat horizon: tilt -1.91 roll -0.17) 2026-10-01","tilt, roll",,-1.91,-0.17,,59.8,1.5,8,0.83,48.8,311.36,-4.18,59.31,20261001T020543Z,,,,,,,,,,
ws-d7f34a23,Pacheco Peak 2 GEOLINKS,"calibrated (T0 published pointing; sun ok x2, az -1.5 el -3.6) 2026-10-01",,,,,,,,,,,,,,,consistent,2,-1.54,-3.61,,,,,,20261001T141401Z
ws-2077aa0f,Palo Escrito 1 GEOLINKS,candidate,,,,,,,,,,,,,,,offset,4,0.2,4.25,,,,,,20261002T012731Z
ws-005cc13a,Palo Escrito 2 GEOLINKS,"calibrated (T0 published pointing; sun ok x4, az +0.0 el +2.6) 2026-10-02",,,,,,,,,,,,,,,consistent,4,0.03,2.65,,,,,,20261002T144933Z
ws-ac12156b,Palomar Observatory North HPWREN,calibrated (T2 skyline: pan +0.45 tilt +0.76 roll -0.61 focal x1.018; sun ok x1) 2026-10-01,"pan, tilt, roll, focal",0.45,0.76,-0.61,1.018,19.3,0.9,8,1.69,34.1,122.62,-2.43,65.33,20261001T130950Z,consistent,4,-0.52,-0.33,4,-0.52,-0.33,0.23,-0.01,20261002T140936Z
ws-ddc5115e,Panic Point DIGITALPATH,calibrated (T2 skyline: pan +0.32 tilt +0.93 roll -0.66 focal x1.030) 2026-10-01,"pan, tilt, roll, focal",0.32,0.93,-0.66,1.03,21.9,0.8,8,1.24,28.4,328.56,-3.19,65.33,20261001T021130Z,,,,,,,,,,
ws-5859d453,Panoche Mtn 1 GEOLINKS,calibrated (T2 skyline: pan -0.48 tilt +1.85 roll -0.60 focal x1.057; sun ok x1) 2026-10-01,"pan, tilt, roll, focal",-0.48,1.85,-0.6,1.057,38.6,2.8,7,1.75,19.7,288.55,-5.18,65.33,20261001T160533Z,consistent,1,-0.77,-1.12,,,,,,20261002T012035Z
ws-07fa2ef5,Panoche Mtn 2 GEOLINKS,"calibrated (T2 skyline, flat horizon: tilt -0.41 roll +2.26; sun ok x5) 2026-10-01","tilt, roll",,-0.41,2.26,,19.1,0.9,8,1.03,23.4,238.56,-0.77,62.8,20261001T020941Z,consistent,5,0.34,0.11,3,0.27,-0.69,0.27,-2.02,20261001T010640Z
ws-234ce6a9,Paradise Craggy 1 SIO/UCSD,calibrated (T2 skyline: pan +0.22 tilt +0.16 roll +0.09 focal x1.018; <1 image/min) 2026-10-01,"pan, tilt, roll, focal",0.22,0.16,0.09,1.018,2.6,0.7,8,2.54,32.8,327.2,-3.19,65.33,20261001T021559Z,,,,,,,,,,
ws-7ce42602,Paradise Craggy 2 SIO/UCSD,calibrated (T2 skyline: pan +0.19 tilt +0.13 roll -0.33 focal x1.007) 2026-10-01,"pan, tilt, roll, focal",0.19,0.13,-0.33,1.007,4.1,0.7,4,3.13,52.2,145.93,2.34,65.33,20261001T181451Z,,,,,,,,,,
ws-55339207,Parkfield 1 GEOLINKS,calibrated (T2 skyline: pan +0.10 tilt -1.50 roll +0.77 focal x1.036) 2026-10-01,"pan, tilt, roll, focal",0.1,-1.5,0.77,1.036,45.9,1.7,7,2.0,6.0,339.93,0.27,62.8,20261001T151211Z,,,,,,,,,,
ws-1aa7b5f7,Patton Hill 2 GEOLINKS,"calibrated (T2 skyline, flat horizon: tilt +0.45 roll +0.05; sun ok x2; <1 image/min) 2026-10-02","tilt, roll",,0.45,0.05,,13.2,2.0,4,3.64,9.1,72.19,5.27,65.33,20261001T220444Z,consistent,2,0.48,0.91,2,0.48,0.91,0.01,1.27,20261002T145057Z
ws-e7c9ad29,Paynes Peak DIGITALPATH,"calibrated (T2 skyline, flat horizon: tilt -1.26 roll -0.09) 2026-10-01","tilt, roll",,-1.26,-0.09,,34.6,0.9,8,0.96,18.9,38.61,0.2,65.33,20261001T021218Z,,,,,,,,,,
ws-32ef4877,PCWA Auburn DIGITALPATH,"calibrated (T2 skyline, flat horizon: tilt +0.01 roll -1.93; sun ok x1) 2026-10-01","tilt, roll",,0.01,-1.93,,16.4,2.3,8,1.17,71.8,101.43,-3.58,65.33,20261001T021334Z,consistent,4,0.89,2.42,1,0.32,-0.84,-0.21,-1.02,20261001T150554Z
ws-3addabcc,PCWA Foresthill DIGITALPATH,"calibrated (T2 skyline, flat horizon: tilt -0.94 roll +1.33) 2026-10-01","tilt, roll",,-0.94,1.33,,31.4,0.8,6,2.28,16.1,165.48,-1.86,65.33,20261001T161510Z,,,,,,,,,,
ws-57fb5cf1,Pelato Peak East APPLIEDTECHNOLOGY,"calibrated (T0 published pointing; sun ok x1, az -0.2 el +0.8) 2026-10-01",,,,,,,,,,,,,,,consistent,4,0.04,0.08,,,,,,20261002T142143Z
ws-a026d04d,Pelato Peak West APPLIEDTECHNOLOGY,calibrated (T2 skyline: pan +0.39 tilt -0.03 roll -0.53 focal x1.017) 2026-10-01,"pan, tilt, roll, focal",0.39,-0.03,-0.53,1.017,4.7,0.8,8,1.16,29.9,222.32,-2.48,65.33,20261001T020826Z,,,,,,,,,,
ws-d70e3fb2,Penman Peak 1 DIGITALPATH,calibrated (T2 skyline: pan +0.50 tilt -1.19 roll +0.49 focal x1.010) 2026-10-01,"pan, tilt, roll, focal",0.5,-1.19,0.49,1.01,31.9,1.0,8,2.06,12.2,206.29,0.06,65.33,20261001T020557Z,unclear,1,-2.65,-0.43,,,,,,20261002T004429Z
ws-cd60b6ba,Penn Valley DIGITALPATH,"calibrated (T0 published pointing; sun ok x2, az -0.8 el +4.0) 2026-10-02",,,,,,,,,,,,,,,consistent,2,-0.76,4.04,,,,,,20261002T144048Z
ws-f8131f3f,Pepperwood Preserve SIO/UCSD,calibrated (T2 skyline: pan +0.19 tilt -1.76 roll -1.83 focal x1.022) 2026-10-01,"pan, tilt, roll, focal",0.19,-1.76,-1.83,1.022,48.9,0.5,8,2.29,23.7,334.11,-0.38,65.33,20261001T021336Z,,,,,,,,,,
ws-6f6209ec,Petaluma 2 DIGITALPATH,calibrated (T2 skyline: pan -0.02 tilt +0.25 roll +2.35 focal x1.031) 2026-10-01,"pan, tilt, roll, focal",-0.02,0.25,2.35,1.031,20.5,0.8,8,2.23,18.3,10.41,-0.14,65.33,20261001T021009Z,,,,,,,,,,
ws-53c36f29,Philo 1 DIGITALPATH,"calibrated (T2 skyline, flat horizon: tilt +0.17 roll +1.72) 2026-10-01","tilt, roll",,0.17,1.72,,8.5,1.7,8,5.0,9.5,306.96,0.06,65.33,20261001T020958Z,,,,,,,,,,
ws-3544e529,Philo 2 DIGITALPATH,"in progress (skyline fit asks for pan -1.5 deg, unconfirmed)","pan, tilt, roll, focal",-1.51,-2.06,1.0,0.942,48.1,1.7,8,2.06,6.2,184.99,2.55,65.33,20261001T021057Z,,,,,,,,,,
ws-6679821a,Pierce Mtn 2 REMOTELYLOCATED,"calibrated (T2 skyline, flat horizon: tilt -0.93 roll +1.86) 2026-10-01","tilt, roll",,-0.93,1.86,,43.0,1.5,7,0.71,75.3,332.82,-7.3,57.87,20261001T161036Z,,,,,,,,,,
ws-baedfc0e,Pilot Hill El Dorado 2 DIGITALPATH,"calibrated (T2 skyline, flat horizon: tilt +0.29 roll -0.87) 2026-10-01","tilt, roll",,0.29,-0.87,,5.1,2.9,8,0.89,71.5,87.83,-2.64,65.33,20261001T021208Z,,,,,,,,,,
ws-486cdc8b,Pine Mountain Los Angeles 1 SIO/UCSD,calibrated (T2 skyline: pan +0.36 tilt -0.19 roll +0.63 focal x1.010; sun ok x2) 2026-10-01,"pan, tilt, roll, focal",0.36,-0.19,0.63,1.01,9.4,1.1,8,2.26,14.9,291.77,-3.14,65.33,20261001T020544Z,consistent,2,-0.19,1.1,1,-0.46,0.7,0.23,0.77,20261001T011529Z
ws-4baff307,Pine Mountain Los Angeles 2 SIO/UCSD,"calibrated (T0 published pointing; sun ok x2, az +0.8 el +0.6) 2026-10-01",,,,,,,,,,,,,,,consistent,4,0.96,0.85,,,,,,20261001T150706Z
ws-3b0e9a77,Pine Mtn Kern 2 APPLIEDTECHNOLOGY,calibrated (T2 skyline: pan -0.13 tilt +1.89 roll +0.76 focal x1.026) 2026-10-01,"pan, tilt, roll, focal",-0.13,1.89,0.76,1.026,53.1,1.2,8,3.04,21.7,141.06,-0.53,62.8,20261001T021116Z,,,,,,,,,,
ws-78fdd001,Pine Mtn SONOMA,"calibrated (T2 skyline, flat horizon: tilt -0.09 roll +0.57) 2026-10-01","tilt, roll",,-0.09,0.57,,5.0,0.7,8,0.65,29.4,193.3,-2.14,65.33,20261001T021139Z,,,,,,,,,,
ws-98d33d10,Piney Creek 1 SIO/UCSD,"calibrated (T0 published pointing; sun ok x3, az -0.6 el +3.5) 2026-10-01",,,,,,,,,,,,,,,consistent,3,-0.6,3.5,,,,,,20261001T005056Z
ws-28b2a642,Pinyon Peak 2 RIDGEWIRELESS,calibrated (T2 skyline: pan -0.06 tilt -1.80 roll +1.66 focal x1.006; sun ok x1) 2026-10-01,"pan, tilt, roll, focal",-0.06,-1.8,1.66,1.006,47.7,2.3,8,3.45,8.4,239.03,-6.68,65.33,20261001T021539Z,consistent,1,-0.22,-0.05,1,-0.22,-0.05,-0.06,-2.39,20261001T010947Z
ws-b3b72833,Pitts RANCHWIFI,"calibrated (T2 skyline, flat horizon: tilt -1.30 roll +1.50) 2026-10-01","tilt, roll",,-1.3,1.5,,40.9,1.6,6,0.7,47.6,41.12,-6.5,65.33,20261001T151445Z,,,,,,,,,,
ws-e428b69f,Platte Mtn 2 DIGITALPATH,calibrated (T2 skyline: pan +0.13 tilt -1.20 roll -1.36 focal x0.891) 2026-10-01,"pan, tilt, roll, focal",0.13,-1.2,-1.36,0.891,72.6,1.6,8,1.04,39.4,10.22,2.57,31.91,20261001T021542Z,,,,,,,,,,
ws-2b8d89af,Pleasants North 1 GEOLINKS,calibrated (T2 skyline: pan +0.35 tilt +1.55 roll -0.03 focal x1.035; <1 image/min) 2026-10-01,"pan, tilt, roll, focal",0.35,1.55,-0.03,1.035,43.5,0.7,8,1.79,55.9,13.49,-0.65,62.8,20261001T150534Z,,,,,,,,,,
ws-a2d1d7ff,Pleasants North 2 GEOLINKS,"calibrated (T0 published pointing; sun ok x1, az -0.0 el +0.6) 2026-10-02",,,,,,,,,,,,,,,consistent,1,-0.04,0.64,,,,,,20261002T135856Z
ws-5575e0fe,Pleasants West 2 GEOLINKS,"calibrated (T0 published pointing; sun ok x2, az +0.3 el +0.0) 2026-10-01",,,,,,,,,,,,,,,consistent,3,0.25,-0.48,,,,,,20261002T004315Z
ws-1d1ac351,Ponderosa CONIFER,"calibrated (T2 skyline, flat horizon: tilt +3.14 roll -2.51; sun ok x1; <1 image/min) 2026-10-02","tilt, roll",,3.14,-2.51,,72.0,1.7,8,1.29,58.2,97.1,-2.49,65.33,20261001T020524Z,consistent,4,0.29,-3.84,1,1.92,-4.33,1.32,-1.03,20261001T151110Z
ws-e751256f,Poopoomino 1 HECO,calibrated (T2 skyline: pan +1.07 tilt +0.34 roll +0.03 focal x1.015; <1 image/min) 2026-10-01,"pan, tilt, roll, focal",1.07,0.34,0.03,1.015,9.9,1.3,8,5.7,5.6,167.41,0.42,65.33,20261001T160552Z,,,,,,,,,,
ws-19f0c0fc,Poopoomino 2 HECO,"calibrated (T0 published pointing; sun ok x2, az -0.0 el -0.3) 2026-10-02",,,,,,,,,,,,,,,consistent,2,-0.03,-0.26,,,,,,20261002T165845Z
ws-fa38d450,Poplar Lane 2 DIGITALPATH,"calibrated (T2 skyline, flat horizon: tilt +1.97 roll +0.14) 2026-10-01","tilt, roll",,1.97,0.14,,52.9,2.9,8,1.64,1.5,196.52,-0.23,65.33,20261001T020623Z,,,,,,,,,,
ws-072f3959,Poplar Lane DIGITALPATH,"calibrated (T0 published pointing; sun ok x1, az -0.1 el +1.8) 2026-10-01",,,,,,,,,,,,,,,consistent,4,0.45,2.17,,,,,,20261002T145931Z
ws-059fbe27,Portal Ridge 1 GEOLINKS,calibrated (T2 skyline: pan -0.05 tilt -0.36 roll -0.16 focal x1.037) 2026-10-01,"pan, tilt, roll, focal",-0.05,-0.36,-0.16,1.037,14.0,2.2,7,2.98,4.9,223.73,-2.82,65.33,20261001T151400Z,,,,,,,,,,
ws-cbb2540c,Portal Ridge 2 GEOLINKS,"calibrated (T0 published pointing; sun ok x1, az -1.0 el +1.0) 2026-10-01",,,,,,,,,,,,,,,consistent,4,-0.98,1.16,,,,,,20261002T140911Z
ws-97c1d494,Portnoff Hill 2 RANCHWIFI,"calibrated (T2 skyline, flat horizon: tilt +0.07 roll +3.13) 2026-10-01","tilt, roll",,0.07,3.13,,22.8,1.0,8,0.69,48.4,37.18,2.69,65.33,20261001T020604Z,,,,,,,,,,
ws-3428c73b,Pratt Mtn 1 REMOTELYLOCATED,"calibrated (T2 skyline, flat horizon: tilt +0.51 roll -0.10; sun ok x1) 2026-10-01","tilt, roll",,0.51,-0.1,,11.4,0.6,8,0.9,62.6,103.96,-3.24,65.33,20261001T021315Z,consistent,4,-0.04,-1.07,1,-0.04,-0.97,-0.06,-0.71,20261001T151413Z
ws-64b05f23,Prefumo Canyon 1 RANCHWIFI,"calibrated (T2 skyline, flat horizon: tilt -3.26 roll +2.44) 2026-10-01","tilt, roll",,-3.26,2.44,,91.8,1.3,8,1.39,23.7,357.98,-4.1,65.33,20261001T020959Z,,,,,,,,,,
ws-9dbbbd7c,Prefumo Canyon 2 RANCHWIFI,"calibrated (T2 skyline, flat horizon: tilt -1.21 roll +1.63) 2026-10-01","tilt, roll",,-1.21,1.63,,33.7,0.5,8,1.37,21.8,359.42,-1.92,65.33,20261001T021437Z,,,,,,,,,,
ws-84637c05,Presson Hill 1 GEOLINKS,"calibrated (T2 skyline, flat horizon: tilt -3.85 roll +0.72; sun ok x2) 2026-10-01","tilt, roll",,-3.85,0.72,,108.0,1.1,8,0.81,22.6,246.06,-2.71,65.33,20261001T021011Z,consistent,4,0.41,3.42,1,0.22,3.69,-0.03,-0.47,20261001T011241Z
ws-93926970,Presson Hill 2 GEOLINKS,"calibrated (T2 skyline, flat horizon: tilt -1.37 roll +1.48) 2026-10-01","tilt, roll",,-1.37,1.48,,37.3,0.6,8,1.14,42.2,38.92,0.38,65.33,20261001T021505Z,,,,,,,,,,
ws-07df7fbb,Prunedale 1 GEOLINKS,"calibrated (T0 published pointing; sun ok x4, az -1.5 el +1.1) 2026-10-02",,,,,,,,,,,,,,,consistent,4,-1.54,1.1,,,,,,20261002T142846Z
ws-af2776d0,Purissima CRUZIO,calibrated (T2 skyline: pan -0.78 tilt +2.62 roll +1.31 focal x1.039) 2026-10-01,"pan, tilt, roll, focal",-0.78,2.62,1.31,1.039,58.7,1.8,6,2.14,12.3,349.43,-3.89,65.33,20261001T161145Z,,,,,,,,,,
ws-869bd7af,Quail Ridge 1 DIGITALPATH,calibrated (T2 skyline: pan -0.03 tilt -0.70 roll +0.96 focal x1.015; sun ok x4) 2026-10-02,"pan, tilt, roll, focal",-0.03,-0.7,0.96,1.015,22.1,0.9,2,3.55,14.7,83.22,-2.62,65.33,20261001T190852Z,consistent,4,0.13,0.97,,,,,,20261002T144954Z
ws-c0442131,Quartzite Mtn 1 GEOLINKS,"calibrated (T0 published pointing; sun ok x1, az +0.3 el +0.8) 2026-10-01",,,,,,,,,,,,,,,consistent,2,0.26,0.78,,,,,,20261002T012107Z
ws-0cc86494,Radio Hill 1 DIGITALPATH,"calibrated (T2 skyline, flat horizon: tilt -1.17 roll +1.10; sun ok x1; <1 image/min) 2026-10-01","tilt, roll",,-1.17,1.1,,39.4,2.6,3,3.28,17.0,280.67,-5.82,65.33,20261001T220055Z,consistent,1,-0.49,2.65,1,-0.49,2.65,0.16,1.68,20261002T011910Z
ws-b5d3534f,Ranchita 1 HPWREN,calibrated (T2 skyline: pan -0.04 tilt -2.50 roll +2.19 focal x1.030) 2026-10-01,"pan, tilt, roll, focal",-0.04,-2.5,2.19,1.03,69.6,1.9,8,3.11,3.4,0.51,4.74,65.33,20261001T151057Z,,,,,,,,,,
ws-d8285a59,Ranchita 2 HPWREN,calibrated (T2 skyline: pan -1.09 tilt -4.89 roll +0.62 focal x1.017) 2026-10-01,"pan, tilt, roll, focal",-1.09,-4.89,0.62,1.017,131.7,2.8,8,5.17,1.3,58.47,6.14,65.33,20261001T131410Z,,,,,,,,,,
ws-35a8474d,Rancho Cucamonga FTC 1 SIO/UCSD,calibrated (T2 skyline: pan -0.30 tilt +0.55 roll -0.08 focal x1.019) 2026-10-01,"pan, tilt, roll, focal",-0.3,0.55,-0.08,1.019,13.1,0.6,8,5.08,14.9,349.59,5.48,65.33,20261001T131339Z,,,,,,,,,,
ws-605cfdaa,Rancho Cucamonga FTC 2 SIO/UCSD,"calibrated (T0 published pointing; sun ok x1, az +0.4 el +2.6) 2026-10-01",,,,,,,,,,,,,,,consistent,4,0.35,2.6,,,,,,20261001T141134Z
ws-e4cc386b,Rancho La Habra 2 GEOLINKS,"calibrated (T0 published pointing; sun ok x2, az +0.3 el +0.7; <1 image/min) 2026-10-01",,,,,,,,,,,,,,,consistent,4,0.21,0.38,,,,,,20261002T141850Z
ws-17e963bf,Ranger Peak 1 GEOLINKS,"in progress (skyline fit asks for pan -5.5 deg, unconfirmed)","pan, tilt, roll, focal",-5.48,-3.38,-0.27,0.887,75.7,2.7,7,3.41,37.2,39.81,-3.68,65.33,20261001T131134Z,,,,,,,,,,
ws-a4b51b1e,Rasnow Peak 2 GEOLINKS,calibrated (T2 skyline: pan +0.50 tilt +0.60 roll +0.00 focal x1.025) 2026-10-01,"pan, tilt, roll, focal",0.5,0.6,0.0,1.025,14.1,1.7,8,4.04,4.8,191.16,0.89,62.8,20261001T021036Z,,,,,,,,,,
ws-effe6fa6,Rattlesnake Peak 2 DIGITALPATH,calibrated (T2 skyline: pan -0.23 tilt -1.34 roll -0.52 focal x1.006) 2026-10-02,"pan, tilt, roll, focal",-0.23,-1.34,-0.52,1.006,37.9,1.8,8,1.31,17.0,78.8,0.62,65.33,20261001T021500Z,consistent,4,0.1,0.86,1,-1.79,0.27,-2.37,-0.81,20261001T151113Z
ws-6a6bae18,Reche Peak 1 GEOLINKS,calibrated (T2 skyline: pan -0.34 tilt -0.48 roll +0.20 focal x1.032; sun ok x5) 2026-10-01,"pan, tilt, roll, focal",-0.34,-0.48,0.2,1.032,17.2,1.0,8,1.88,40.6,243.45,-5.21,65.33,20261001T150711Z,consistent,5,0.6,-0.2,3,0.52,-0.62,-0.29,-1.39,20261001T005056Z
ws-19690c85,Reche Peak 2 GEOLINKS,"calibrated (T0 published pointing; sun ok x1, az +0.5 el +1.2; <1 image/min) 2026-10-01",,,,,,,,,,,,,,,consistent,2,0.43,1.89,,,,,,20261002T012842Z
ws-98db3efe,Red Corral Rd 2 REMOTELYLOCATED,"calibrated (T2 skyline, flat horizon: tilt -0.58 roll +0.23) 2026-10-01","tilt, roll",,-0.58,0.23,,16.5,1.8,8,1.12,39.6,52.53,-0.87,65.33,20261001T020519Z,,,,,,,,,,
ws-be5d8d2d,Red Mountain Riverside Co. South HPWREN,calibrated (T2 skyline: pan -0.29 tilt -2.32 roll +0.16 focal x1.021) 2026-10-01,"pan, tilt, roll, focal",-0.29,-2.32,0.16,1.021,64.3,1.1,8,1.29,30.0,177.2,-2.86,65.33,20261001T131406Z,,,,,,,,,,
ws-df76f188,Red Mtn Glenn 2 GEOLINKS,"calibrated (T0 published pointing; sun ok x1, az +0.1 el +1.5) 2026-10-01",,,,,,,,,,,,,,,consistent,4,1.51,2.64,,,,,,20261002T142952Z
ws-6a3be394,Red Mtn North HPWREN,"calibrated (T0 published pointing; sun ok x5, az -0.3 el -0.1) 2026-10-01",,,,,,,,,,,,,,,consistent,5,-0.31,-0.12,,,,,,20261001T003017Z
ws-1bb330cf,Red Mtn Ventura 1 GEOLINKS,"calibrated (T2 skyline, flat horizon: tilt +2.19 roll +4.18) 2026-10-01","tilt, roll",,2.19,4.18,,56.3,2.0,8,1.01,26.5,7.44,-3.29,65.33,20261001T021109Z,,,,,,,,,,
ws-242c5e92,Red Mtn Ventura 2 GEOLINKS,"in progress (skyline fit and sun disagree: sun az -2.2 el +0.0 after the fit, az +0.7 el -1.1 as published, x1)","pan, tilt, roll, focal",-1.43,1.24,-0.56,1.097,27.0,2.8,8,3.1,53.7,78.58,-0.69,62.8,20261001T020919Z,consistent,4,0.81,-0.71,1,0.74,-1.1,-2.23,0.02,20261001T141146Z
ws-280b7f29,Redwood City 2 RIDGEWIRELESS,calibrated (T2 skyline: pan -0.39 tilt -0.01 roll +0.05 focal x1.077; sun ok x1) 2026-10-01,"pan, tilt, roll, focal",-0.39,-0.01,0.05,1.077,11.0,2.5,7,2.76,5.8,276.18,-3.15,65.33,20261001T021129Z,consistent,1,-0.75,-0.66,1,-0.75,-0.66,-0.01,-1.33,20261001T011155Z
ws-6c1a5bc2,Redwood Valley 1 DIGITALPATH,"calibrated (T0 published pointing; sun ok x2, az -0.3 el -0.8) 2026-10-02",,,,,,,,,,,,,,,consistent,2,-0.31,-0.78,,,,,,20261002T143043Z
ws-1386edd3,Redwood Valley 2 DIGITALPATH,calibrated (T2 skyline: pan +0.20 tilt +1.57 roll +0.95 focal x1.012; <1 image/min) 2026-10-01,"pan, tilt, roll, focal",0.2,1.57,0.95,1.012,40.5,0.7,8,1.24,26.2,195.59,-2.02,65.33,20261001T020711Z,,,,,,,,,,
ws-c81d23ba,Refugio 2 KIZA,calibrated (T2 skyline: pan -0.01 tilt +0.18 roll +0.52 focal x1.020) 2026-10-01,"pan, tilt, roll, focal",-0.01,0.18,0.52,1.02,3.9,0.6,8,2.35,26.2,15.16,-4.81,65.33,20261001T020729Z,,,,,,,,,,
ws-e37f350d,Ridgewood Grade 2 ATTFIRSTNET,calibrated (T2 skyline: pan -0.03 tilt -0.28 roll +0.07 focal x1.014; sun ok x1) 2026-10-01,"pan, tilt, roll, focal",-0.03,-0.28,0.07,1.014,8.1,0.6,8,1.88,45.1,111.13,-1.08,65.33,20261001T021543Z,consistent,4,-0.11,-0.33,4,-0.11,-0.33,0.02,-0.71,20261001T150621Z
ws-65c1da96,Ridgewood REMOTELYLOCATED,"calibrated (T0 published pointing; sun ok x1, az +0.0 el -2.9) 2026-10-01",,,,,,,,,,,,,,,consistent,4,-0.12,0.07,,,,,,20261002T143143Z
ws-bf614537,Rincon del Diablo N HPWREN,"in progress (skyline fit asks for pan -2.6 deg, unconfirmed)","pan, tilt, roll, focal",-2.6,-0.59,1.19,0.89,10.8,2.8,8,2.38,32.6,10.06,-4.88,65.33,20261001T020558Z,,,,,,,,,,
ws-53972a2e,Rincon del Diablo S HPWREN,calibrated (T2 skyline: pan -0.21 tilt -0.52 roll +0.83 focal x0.998) 2026-10-01,"pan, tilt, roll, focal",-0.21,-0.52,0.83,0.998,11.1,2.6,8,1.97,18.5,156.71,-3.69,65.33,20261001T131206Z,,,,,,,,,,
ws-b4c10aef,Rockpile 2 SIO/UCSD,calibrated (T2 skyline: pan +0.09 tilt -1.06 roll -0.73 focal x0.994) 2026-10-01,"pan, tilt, roll, focal",0.09,-1.06,-0.73,0.994,24.9,1.6,8,2.51,45.0,135.49,1.18,65.33,20261001T020627Z,,,,,,,,,,
ws-34a4baa0,Rocks Road 2 GEOLINKS,"calibrated (T2 skyline, flat horizon: tilt -0.15 roll +0.03) 2026-10-01","tilt, roll",,-0.15,0.03,,6.7,1.6,8,1.43,45.0,223.05,-5.74,65.33,20261001T021231Z,,,,,,,,,,
ws-36af1da1,Rocky Butte Trail 2 RANCHWIFI,"calibrated (T0 published pointing; sun ok x1, az +0.0 el +1.7) 2026-10-01",,,,,,,,,,,,,,,consistent,2,-0.33,1.98,,,,,,20261002T011912Z
ws-b972951b,Rocky Point 1 GEOLINKS,calibrated (T2 skyline: pan -0.33 tilt -0.08 roll +0.33 focal x1.002) 2026-10-01,"pan, tilt, roll, focal",-0.33,-0.08,0.33,1.002,4.8,2.0,8,1.43,17.3,166.86,-5.02,62.8,20261001T021041Z,,,,,,,,,,
ws-084d6959,Rocky Point 2 GEOLINKS,calibrated (T2 skyline: pan +0.22 tilt +2.10 roll +2.16 focal x1.013; sun ok x4) 2026-10-01,"pan, tilt, roll, focal",0.22,2.1,2.16,1.013,56.6,0.9,7,4.13,15.6,246.96,0.0,62.8,20261001T150944Z,consistent,4,0.21,-1.44,4,0.21,-1.44,0.53,0.08,20261001T005305Z
ws-0c4acc40,Rocky Ridge 1 LAFAYETTEPD,calibrated (T2 skyline: pan -0.21 tilt -0.63 roll +0.25 focal x1.011; sun ok x1) 2026-10-01,"pan, tilt, roll, focal",-0.21,-0.63,0.25,1.011,18.0,0.7,4,2.64,21.5,81.81,-4.51,65.33,20261001T220222Z,consistent,3,0.25,0.67,3,0.25,0.67,-0.16,-0.1,20261002T141845Z
ws-37834439,Rodeo Valley DIGITALPATH,calibrated (T2 skyline: pan -0.64 tilt +1.41 roll -2.03 focal x1.032; <1 image/min) 2026-10-01,"pan, tilt, roll, focal",-0.64,1.41,-2.03,1.032,38.3,1.6,8,2.28,12.8,341.39,-2.18,65.33,20261001T021106Z,,,,,,,,,,
ws-d524f3d1,Round Mtn (Modoc) 1 REMOTELYLOCATED,calibrated (T2 skyline: pan -0.45 tilt -0.23 roll -0.58 focal x1.015; sun ok x1) 2026-10-01,"pan, tilt, roll, focal",-0.45,-0.23,-0.58,1.015,6.6,0.9,3,2.71,44.5,261.03,0.98,65.33,20261001T180710Z,consistent,1,-0.04,-0.21,,,,,,20261002T012049Z
ws-01985879,Round Mtn (Modoc) 2 REMOTELYLOCATED,calibrated (T2 skyline: pan -0.87 tilt -1.06 roll -0.01 focal x0.983) 2026-10-01,"pan, tilt, roll, focal",-0.87,-1.06,-0.01,0.983,27.5,2.5,8,1.94,92.5,33.83,-1.23,65.33,20261001T020730Z,,,,,,,,,,
ws-82567867,Round Mtn Shasta DIGITALPATH,calibrated (T2 skyline: pan +0.44 tilt -0.69 roll -0.26 focal x1.073) 2026-10-01,"pan, tilt, roll, focal",0.44,-0.69,-0.26,1.073,33.9,1.7,8,1.94,41.9,350.01,-5.98,62.8,20261001T021521Z,,,,,,,,,,
ws-98af32dd,Ruby Bluff 1 DIGITALPATH,"calibrated (T2 skyline, flat horizon: tilt -0.67 roll +0.49) 2026-10-01","tilt, roll",,-0.67,0.49,,20.1,2.1,8,0.89,93.8,190.48,-4.55,65.33,20261001T020940Z,,,,,,,,,,
ws-7a160008,Ruby Bluff 2 DIGITALPATH,calibrated (T2 skyline: pan -0.05 tilt -0.00 roll +0.67 focal x1.014) 2026-10-01,"pan, tilt, roll, focal",-0.05,-0.0,0.67,1.014,5.8,0.7,8,1.1,22.2,22.31,-2.54,64.57,20261001T020509Z,,,,,,,,,,
ws-c738c3e8,Rutherford VALLEY,calibrated (T2 skyline: pan -0.90 tilt +0.48 roll -2.53 focal x0.981; sun ok x1) 2026-10-01,"pan, tilt, roll, focal",-0.9,0.48,-2.53,0.981,20.5,0.5,3,1.17,17.3,85.07,-1.94,60.16,20261001T180622Z,consistent,4,0.19,-0.05,1,0.55,-1.96,-0.5,-0.43,20261001T151454Z
ws-1a82fee4,Saddle Peak 1 GEOLINKS,"calibrated (T0 published pointing; sun ok x5, az -0.5 el -1.5) 2026-10-01",,,,,,,,,,,,,,,consistent,5,-0.5,-1.52,,,,,,20261002T004403Z
ws-4155adaa,Saddle Peak 2 GEOLINKS,"calibrated (T0 published pointing; sun ok x1, az +0.3 el +1.5) 2026-10-01",,,,,,,,,,,,,,,consistent,4,0.43,1.48,,,,,,20261002T141029Z
ws-e5712da9,Saddleback Lookout 1 DIGITALPATH,calibrated (T2 skyline: pan -0.92 tilt +1.75 roll +2.21 focal x1.014; sun ok x1) 2026-10-01,"pan, tilt, roll, focal",-0.92,1.75,2.21,1.014,41.5,1.1,8,1.33,18.1,93.98,-7.51,65.33,20261001T020635Z,consistent,1,0.82,0.96,1,0.82,0.96,0.23,2.52,20261001T140649Z
ws-1e1b151d,Saddleback Lookout 2 DIGITALPATH,calibrated (T2 skyline: pan -0.33 tilt +0.86 roll +0.19 focal x1.023; <1 image/min) 2026-10-01,"pan, tilt, roll, focal",-0.33,0.86,0.19,1.023,21.0,1.1,2,1.05,15.1,53.9,-2.32,65.33,20261001T191523Z,,,,,,,,,,
ws-f6c42bb9,Saint John Mtn 2 DIGITALPATH,"calibrated (T0 published pointing; sun ok x3, az +0.0 el +1.2; <1 image/min) 2026-10-02",,,,,,,,,,,,,,,consistent,3,0.04,1.23,,,,,,20261002T142226Z
ws-d1736a6f,San Benito 1 GEOLINKS,calibrated (T2 skyline: pan +0.28 tilt -0.81 roll +0.97 focal x1.055; sun ok x5) 2026-10-01,"pan, tilt, roll, focal",0.28,-0.81,0.97,1.055,22.8,0.8,8,1.52,9.7,248.68,2.14,62.8,20261001T021029Z,consistent,5,0.09,0.8,4,-0.04,0.57,-0.16,-0.77,20261001T010625Z
ws-509040fb,San Benito 2 GEOLINKS,calibrated (T2 skyline: pan +0.45 tilt -0.31 roll -1.04 focal x1.013) 2026-10-01,"pan, tilt, roll, focal",0.45,-0.31,-1.04,1.013,10.3,1.1,8,2.31,17.3,163.4,-1.61,62.8,20261001T021021Z,,,,,,,,,,
ws-a85f76c2,San Benito Mtn 1 GEOLINKS,"calibrated (T2 skyline, flat horizon: tilt +0.35 roll -0.18; sun ok x3) 2026-10-01","tilt, roll",,0.35,-0.18,,7.3,1.1,8,0.99,75.6,281.84,-4.54,65.33,20261001T020613Z,consistent,4,-0.21,-0.24,4,-0.21,-0.24,0.11,-0.21,20261001T005405Z
ws-76890b33,San Benito Mtn 2 GEOLINKS,"calibrated (T2 skyline, flat horizon: tilt +0.69 roll -1.24) 2026-10-01","tilt, roll",,0.69,-1.24,,21.8,1.9,8,0.49,93.6,180.44,-3.7,65.33,20261001T020906Z,,,,,,,,,,
ws-cb983a27,San Bruno Mountain LAFAYETTEPD,"calibrated (T0 published pointing; sun ok x1, az +1.8 el -1.0) 2026-10-02",,,,,,,,,,,,,,,consistent,1,1.77,-0.96,,,,,,20261002T142147Z
ws-fb5aaeea,San Clemente South HPWREN,"calibrated (T0 published pointing; sun ok x3, az -0.4 el +0.5; <1 image/min) 2026-10-02",,,,,,,,,,,,,,,consistent,3,-0.41,0.52,,,,,,20261002T144149Z
ws-ee8baddb,San Jose Foothills RIDGEWIRELESS,"calibrated (T0 published pointing; sun ok x1, az -0.3 el +0.1; <1 image/min) 2026-10-01",,,,,,,,,,,,,,,consistent,2,0.07,0.15,,,,,,20261002T150004Z
ws-306afa66,San Juan Hills South HPWREN,"calibrated (T0 published pointing; sun ok x1, az -0.3 el +2.1) 2026-10-01",,,,,,,,,,,,,,,consistent,4,-0.82,1.22,,,,,,20261002T142028Z
ws-002ec869,San Luis Reservoir 1 GEOLINKS,calibrated (T2 skyline: pan +0.18 tilt -0.51 roll -1.39 focal x1.009; sun ok x4; <1 image/min) 2026-10-01,"pan, tilt, roll, focal",0.18,-0.51,-1.39,1.009,15.3,0.7,8,2.55,13.7,237.84,-2.55,65.33,20261001T020923Z,consistent,4,0.53,-0.95,4,0.53,-0.95,0.25,-1.09,20261001T004753Z
ws-fd064a7b,San Rafael Hill DIGITALPATH,calibrated (T2 skyline: pan +0.34 tilt -2.58 roll +3.86 focal x1.027) 2026-10-01,"pan, tilt, roll, focal",0.34,-2.58,3.86,1.027,68.6,1.0,6,1.73,12.6,338.86,-1.54,65.33,20261001T161205Z,,,,,,,,,,
ws-a1f1f789,Santa Rita Quarry 1 RANCHWIFI,"calibrated (T2 skyline, flat horizon: tilt -1.60 roll +2.43) 2026-10-01","tilt, roll",,-1.6,2.43,,43.9,2.6,8,0.87,14.5,346.29,-1.1,65.33,20261001T020554Z,,,,,,,,,,
ws-bbb4a72d,Santa Ynez Peak HPWREN,calibrated (T2 skyline: pan -0.24 tilt +0.77 roll -0.65 focal x1.010; <1 image/min) 2026-10-01,"pan, tilt, roll, focal",-0.24,0.77,-0.65,1.01,19.0,0.7,8,1.93,32.9,23.18,-5.58,65.33,20261001T021157Z,,,,,,,,,,
ws-c6e4bc04,Sawmill Lookout 2 DIGITALPATH,"calibrated (T2 skyline, flat horizon: tilt +0.60 roll +0.57) 2026-10-01","tilt, roll",,0.6,0.57,,13.2,2.9,8,0.88,109.6,168.14,-5.35,64.57,20261001T021202Z,,,,,,,,,,
ws-79d48e73,Scotts Valley CRUZIO,"calibrated (T0 published pointing; sun ok x4, az -0.5 el -0.7; <1 image/min) 2026-10-01",,,,,,,,,,,,,,,consistent,4,-0.48,-0.65,,,,,,20261001T005844Z
ws-661e6c5c,Sears Point SONOMA,calibrated (T2 skyline: pan -0.42 tilt +1.64 roll +1.41 focal x1.029) 2026-10-01,"pan, tilt, roll, focal",-0.42,1.64,1.41,1.029,43.0,1.2,8,1.55,13.8,353.47,-1.39,65.33,20261001T020540Z,,,,,,,,,,
ws-c0cb7210,Seigler Mtn 1 DIGITALPATH,"in progress (skyline fit asks for pan -1.9 deg, unconfirmed)","pan, tilt, roll, focal",-1.93,-4.12,0.21,0.966,100.9,2.0,8,1.57,38.3,8.38,-9.28,65.33,20261001T020738Z,,,,,,,,,,
ws-2dfc8e19,Seigler Mtn 2 DIGITALPATH,"calibrated (T0 published pointing; sun ok x1, az -0.7 el -0.8) 2026-10-02",,,,,,,,,,,,,,,consistent,1,-0.73,-0.81,,,,,,20261002T142205Z
ws-9554acbe,Shandon 1 RANCHWIFI,"calibrated (T2 skyline, flat horizon: tilt -1.53 roll +2.46) 2026-10-01","tilt, roll",,-1.53,2.46,,48.5,2.8,4,0.8,31.4,308.7,-4.98,65.33,20261001T220335Z,,,,,,,,,,
ws-d1e4dd29,Shandon 2 RANCHWIFI,"calibrated (T0 published pointing; sun ok x3, az -0.7 el -1.2) 2026-10-02",,,,,,,,,,,,,,,consistent,3,-0.69,-1.23,,,,,,20261002T141901Z
ws-f37933ff,Shasta Lake 1 DIGITALPATH,calibrated (T2 skyline: pan +0.08 tilt -1.61 roll -0.66 focal x1.017) 2026-10-01,"pan, tilt, roll, focal",0.08,-1.61,-0.66,1.017,45.7,1.7,6,1.66,34.5,38.58,-2.55,65.33,20261001T160804Z,,,,,,,,,,
ws-2030df64,Shasta Lake 2 DIGITALPATH,calibrated (T2 skyline: pan +1.02 tilt +1.59 roll -3.60 focal x0.992) 2026-10-01,"pan, tilt, roll, focal",1.02,1.59,-3.6,0.992,54.4,1.8,8,3.24,15.8,343.9,-2.38,58.79,20261001T021240Z,,,,,,,,,,
ws-45fc19c6,Shingletown DIGITALPATH,calibrated (T2 skyline: pan +0.04 tilt -0.80 roll +0.40 focal x1.029) 2026-10-01,"pan, tilt, roll, focal",0.04,-0.8,0.4,1.029,24.8,0.4,8,3.05,31.8,164.49,-4.29,65.33,20261001T020955Z,,,,,,,,,,
ws-8d643ce6,Shirley Peak 1 GEOLINKS,calibrated (T2 skyline: pan -0.25 tilt +0.10 roll +1.05 focal x1.013) 2026-10-01,"pan, tilt, roll, focal",-0.25,0.1,1.05,1.013,10.5,1.1,8,1.02,35.3,25.7,2.03,62.8,20261001T021016Z,,,,,,,,,,
ws-325a1f23,Shirley Peak 2 GEOLINKS,calibrated (T2 skyline: pan +0.14 tilt -1.15 roll +0.77 focal x1.033; <1 image/min) 2026-10-01,"pan, tilt, roll, focal",0.14,-1.15,0.77,1.033,36.4,1.2,8,1.43,29.2,135.05,-2.05,62.8,20261001T020706Z,,,,,,,,,,
ws-037e4476,Shoeinhorse Mtn 2 DIGITALPATH,calibrated (T2 skyline: pan -0.21 tilt +0.52 roll -0.56 focal x0.909) 2026-10-01,"pan, tilt, roll, focal",-0.21,0.52,-0.56,0.909,22.8,1.6,8,1.44,20.6,43.08,0.94,40.9,20261001T020924Z,,,,,,,,,,
ws-b223d085,Sierra Buttes 1 DIGITALPATH,calibrated (T2 skyline: pan +0.40 tilt +1.09 roll +0.35 focal x1.010; <1 image/min) 2026-10-01,"pan, tilt, roll, focal",0.4,1.09,0.35,1.01,28.5,1.1,8,1.5,65.2,143.33,-5.22,65.33,20261001T021430Z,,,,,,,,,,
ws-9a6a130b,Sierra Peak 2 GEOLINKS,"calibrated (T0 published pointing; sun ok x5, az +0.6 el -1.9) 2026-10-01",,,,,,,,,,,,,,,consistent,6,1.27,-1.75,,,,,,20261002T004203Z
ws-82558439,Sierra Pelona 1 GEOLINKS,calibrated (T2 skyline: pan -0.10 tilt -0.66 roll -0.22 focal x1.031) 2026-10-01,"pan, tilt, roll, focal",-0.1,-0.66,-0.22,1.031,21.0,2.5,6,2.23,19.6,187.24,-0.97,62.8,20261001T150519Z,,,,,,,,,,
ws-ecaf9aca,Sierra Pelona 2 GEOLINKS,calibrated (T2 skyline: pan +0.36 tilt -1.10 roll +2.46 focal x1.087) 2026-10-01,"pan, tilt, roll, focal",0.36,-1.1,2.46,1.087,33.5,1.1,6,1.2,60.4,333.03,-0.24,65.33,20261001T151310Z,,,,,,,,,,
ws-748d785b,Sierra Vista 2 CONIFER,"calibrated (T0 published pointing; sun ok x1, az +0.1 el -0.1) 2026-10-02",,,,,,,,,,,,,,,consistent,1,0.09,-0.08,,,,,,20261002T144103Z
ws-339357d1,Sierra Vista CONIFER,calibrated (T2 skyline: pan -0.00 tilt -2.35 roll -0.62 focal x1.024) 2026-10-01,"pan, tilt, roll, focal",-0.0,-2.35,-0.62,1.024,63.9,1.6,8,1.09,51.8,62.87,1.57,65.33,20261001T021001Z,,,,,,,,,,
ws-4a2f56ef,Siller Bros Tower DIGITALPATH,"calibrated (T2 skyline, flat horizon: tilt +3.76 roll +3.24; sun ok x1) 2026-10-01","tilt, roll",,3.76,3.24,,92.4,2.9,3,0.78,50.2,73.56,-6.72,65.33,20261001T181523Z,consistent,1,0.78,-0.19,1,0.78,-0.19,0.84,1.92,20261001T141234Z
ws-8442bea1,Silver Peak 1 HPWREN,"calibrated (T2 skyline, flat horizon: tilt +0.19 roll +0.94) 2026-10-01","tilt, roll",,0.19,0.94,,6.8,1.1,8,0.88,46.3,226.54,-4.72,65.33,20261001T020632Z,,,,,,,,,,
ws-0b8709e0,Silver Peak 2 HPWREN,calibrated (T2 skyline: pan -0.03 tilt -1.35 roll -0.68 focal x1.013; sun ok x4) 2026-10-01,"pan, tilt, roll, focal",-0.03,-1.35,-0.68,1.013,37.1,0.7,8,1.76,56.4,284.92,-2.26,65.33,20261001T131518Z,consistent,5,-0.37,1.35,3,-0.37,1.05,-0.16,-0.58,20261001T011609Z
ws-adb47921,Siri SONOMA,"calibrated (T2 skyline, flat horizon: tilt +1.38 roll +2.84) 2026-10-01","tilt, roll",,1.38,2.84,,31.9,1.5,8,0.97,9.4,165.02,-4.22,65.33,20261001T021546Z,,,,,,,,,,
ws-02b9d1c3,Sky Oaks North HPWREN,calibrated (T2 skyline: pan +0.07 tilt -2.34 roll +1.76 focal x1.019; sun ok x1) 2026-10-01,"pan, tilt, roll, focal",0.07,-2.34,1.76,1.019,69.0,0.8,8,2.33,19.6,287.86,-7.09,65.33,20261001T131038Z,consistent,1,0.05,2.99,,,,,,20261002T011920Z
ws-1c9ef321,Sky Oaks South HPWREN,calibrated (T2 skyline: pan +0.16 tilt -0.57 roll +0.41 focal x1.027; <1 image/min) 2026-10-01,"pan, tilt, roll, focal",0.16,-0.57,0.41,1.027,22.7,1.8,8,4.26,4.2,182.08,-5.95,65.33,20261001T130837Z,,,,,,,,,,
ws-bd2e335d,Skyline 1 LAFAYETTEPD,calibrated (T2 skyline: pan -0.50 tilt -3.93 roll +1.01 focal x0.987; sun ok x1; <1 image/min) 2026-10-02,"pan, tilt, roll, focal",-0.5,-3.93,1.01,0.987,108.7,1.2,8,1.08,41.5,267.78,-6.72,65.33,20261001T021322Z,consistent,1,-0.2,3.77,1,-0.2,3.77,-0.49,0.09,20261002T013542Z
ws-13a607e5,Slate Mtn DIGITALPATH,"calibrated (T2 skyline, flat horizon: tilt +1.81 roll +2.95; sun ok x1) 2026-10-01","tilt, roll",,1.81,2.95,,81.4,2.7,8,1.92,120.2,281.7,-1.64,48.77,20261001T021234Z,consistent,3,1.26,-3.36,,,,,,20261002T012724Z
ws-97d738f5,Sleepy Mtn SONOMA,calibrated (T2 skyline: pan -0.26 tilt +0.17 roll +0.57 focal x1.016) 2026-10-01,"pan, tilt, roll, focal",-0.26,0.17,0.57,1.016,5.1,0.6,6,1.35,20.3,30.82,0.28,65.33,20261001T160715Z,,,,,,,,,,
ws-b9503663,Sloan 1 RANCHWIFI,"calibrated (T2 skyline, flat horizon: tilt +0.31 roll +0.97) 2026-10-01","tilt, roll",,0.31,0.97,,8.1,0.7,7,0.73,16.0,199.5,-3.33,65.33,20261001T161025Z,,,,,,,,,,
ws-4d71e0de,Sloan 2 RANCHWIFI,calibrated (T2 skyline: pan -0.23 tilt -2.93 roll -1.43 focal x0.925) 2026-10-01,"pan, tilt, roll, focal",-0.23,-2.93,-1.43,0.925,91.0,2.1,8,1.27,5.8,295.2,-0.48,49.78,20261001T020556Z,,,,,,,,,,
ws-5fe1acb4,Sloat Mtn DIGITALPATH,"calibrated (T2 skyline, flat horizon: tilt +0.58 roll -2.39) 2026-10-01","tilt, roll",,0.58,-2.39,,15.5,2.6,8,2.86,14.3,347.37,-6.55,62.8,20261001T020912Z,,,,,,,,,,
ws-f2f5eb8e,Smith Ridge BLACKMTNCOMM,"calibrated (T0 published pointing; sun ok x3, az +1.3 el +1.7) 2026-10-01",,,,,,,,,,,,,,,consistent,5,1.36,1.66,,,,,,20261001T011240Z
ws-1778acc1,Snag Hill 1 DIGITALPATH,"calibrated (T0 published pointing; sun ok x5, az +0.1 el -1.2) 2026-10-01",,,,,,,,,,,,,,,consistent,5,0.06,-1.24,,,,,,20261001T005121Z
ws-aec679a3,Snow Peak 2 GEOLINKS,calibrated (T2 skyline: pan +0.33 tilt +0.91 roll -0.78 focal x0.966) 2026-10-01,"pan, tilt, roll, focal",0.33,0.91,-0.78,0.966,31.5,1.5,8,5.11,5.9,343.09,2.22,54.66,20261001T131351Z,,,,,,,,,,
ws-021642c2,Soda Ridge 1 DIGITALPATH,"calibrated (T2 skyline, flat horizon: tilt -0.63 roll -1.78) 2026-10-01","tilt, roll",,-0.63,-1.78,,23.9,1.7,8,1.43,37.6,69.5,-8.57,65.33,20261001T021516Z,,,,,,,,,,
ws-89794e4c,Soda Ridge 2 DIGITALPATH,calibrated (T2 skyline: pan -0.09 tilt -0.25 roll +1.04 focal x1.032) 2026-10-01,"pan, tilt, roll, focal",-0.09,-0.25,1.04,1.032,21.1,0.8,8,7.93,19.9,355.49,-4.89,65.33,20261001T021009Z,,,,,,,,,,
ws-4cc7e423,Somerset REMOTELYLOCATED,calibrated (T2 skyline: pan -0.79 tilt -1.33 roll +2.23 focal x0.953; sun ok x2; <1 image/min) 2026-10-02,"pan, tilt, roll, focal",-0.79,-1.33,2.23,0.953,30.4,2.7,4,1.08,19.7,72.69,1.85,65.33,20261001T220333Z,consistent,2,0.45,3.43,2,0.45,3.43,0.9,1.46,20261002T143231Z
ws-5161e048,Sonora Peak East CONIFER,"calibrated (T2 skyline, flat horizon: tilt -1.51 roll +2.56) 2026-10-01","tilt, roll",,-1.51,2.56,,51.6,2.2,8,1.35,31.6,327.33,-7.04,58.89,20261001T020825Z,,,,,,,,,,
ws-9ed877fe,Sonora Peak West CONIFER,"calibrated (T0 published pointing; sun ok x3, az +0.2 el +0.7) 2026-10-02",,,,,,,,,,,,,,,consistent,3,0.19,0.68,,,,,,20261002T141914Z
ws-cba7630e,St. Helena North REMOTELYLOCATED,"calibrated (T2 skyline, flat horizon: tilt +0.98 roll -0.58; <1 image/min) 2026-10-01","tilt, roll",,0.98,-0.58,,22.8,1.6,6,0.67,59.8,293.38,-7.02,61.71,20261001T161547Z,,,,,,,,,,
ws-293e42d3,St. Helena South Napa NAPA,"calibrated (T2 skyline, flat horizon: tilt -0.35 roll -0.31) 2026-10-01","tilt, roll",,-0.35,-0.31,,11.0,2.2,8,0.25,145.2,59.9,-1.94,65.33,20261001T021317Z,,,,,,,,,,
ws-b733e6c5,Stanford Dish STANFORD,"calibrated (T0 published pointing; sun ok x5, az -0.9 el -0.4; <1 image/min) 2026-10-01",,,,,,,,,,,,,,,consistent,5,-0.87,-0.4,,,,,,20261001T004627Z
ws-87d2ea61,Star Mtn 1 GEOLINKS,"calibrated (T0 published pointing; sun ok x1, az -0.0 el +0.3) 2026-10-01",,,,,,,,,,,,,,,consistent,4,-0.14,0.78,,,,,,20261002T142045Z
ws-45af1ca5,Starletta CONIFER,calibrated (T2 skyline: pan +0.05 tilt +0.15 roll +1.83 focal x1.055; sun ok x1) 2026-10-01,"pan, tilt, roll, focal",0.05,0.15,1.83,1.055,15.9,2.1,6,1.32,8.7,288.24,-4.29,62.8,20261001T160524Z,consistent,2,0.38,0.08,,,,,,20261002T012618Z
ws-354d3fd8,Starr Canyon 2 GEOLINKS,"calibrated (T0 published pointing; sun ok x2, az -0.7 el -2.2; <1 image/min) 2026-10-01",,,,,,,,,,,,,,,consistent,4,-0.62,-2.34,,,,,,20261002T142136Z
ws-a4b64077,Stover Mtn. DIGITALPATH,calibrated (T2 skyline: pan -0.02 tilt -1.23 roll +0.08 focal x1.008; sun ok x1) 2026-10-02,"pan, tilt, roll, focal",-0.02,-1.23,0.08,1.008,32.9,1.4,8,2.9,24.7,292.76,0.95,65.33,20261001T021505Z,consistent,1,-0.36,1.83,,,,,,20261002T013615Z
ws-7597658e,Strawberry Peak Arrowhead 2 GEOLINKS,"calibrated (T2 skyline, flat horizon: tilt +1.16 roll +2.19) 2026-10-01","tilt, roll",,1.16,2.19,,20.3,1.7,8,0.67,120.2,6.45,-3.83,65.33,20261001T020642Z,,,,,,,,,,
ws-b51689a1,Sugar Hill 1 REMOTELYLOCATED,calibrated (T2 skyline: pan +0.81 tilt +2.54 roll -2.83 focal x1.032) 2026-10-01,"pan, tilt, roll, focal",0.81,2.54,-2.83,1.032,66.6,1.5,8,1.55,24.1,158.67,-3.23,65.33,20261001T020638Z,,,,,,,,,,
ws-eaaa7d7b,Sugar Hill 2 REMOTELYLOCATED,"calibrated (T2 skyline, flat horizon: tilt +1.82 roll +0.50; sun ok x2) 2026-10-01","tilt, roll",,1.82,0.5,,48.4,1.0,8,0.54,104.8,251.14,-3.45,65.33,20261001T021148Z,consistent,2,-0.49,-1.99,2,-0.49,-1.99,-0.53,-0.43,20261001T010646Z
ws-2f9f3f33,Sugarloaf Ridge NAPA,"calibrated (T2 skyline, flat horizon: tilt -1.69 roll -1.13; sun ok x1) 2026-10-01","tilt, roll",,-1.69,-1.13,,44.0,2.6,8,0.86,47.8,252.04,2.29,62.8,20261001T021205Z,consistent,1,-0.26,1.0,1,-0.26,1.0,-0.56,-0.85,20261002T004343Z
ws-f9f0b1e5,Sugarloaf Shasta 2 DIGITALPATH,"calibrated (T2 skyline, flat horizon: tilt +0.48 roll +2.22; sun ok x1) 2026-10-01","tilt, roll",,0.48,2.22,,15.5,2.2,8,1.4,90.3,117.29,-4.87,65.33,20261001T021055Z,consistent,4,-0.76,-1.06,1,-0.65,-1.03,0.14,-0.3,20261001T150812Z
ws-c34578b3,Suisun Valley VALLEY,calibrated (T2 skyline: pan +0.71 tilt +1.44 roll -1.15 focal x1.026) 2026-10-01,"pan, tilt, roll, focal",0.71,1.44,-1.15,1.026,41.9,1.1,7,3.24,9.7,320.6,1.78,64.57,20261001T161403Z,,,,,,,,,,
ws-11c6d5ae,Sulphur Mtn 1 (Willet) GEOLINKS,"calibrated (T2 skyline, flat horizon: tilt -0.18 roll +2.65) 2026-10-01","tilt, roll",,-0.18,2.65,,24.1,2.2,8,2.33,11.7,359.57,-1.18,62.8,20261001T021229Z,,,,,,,,,,
ws-c6579076,Sunol Ridge LAFAYETTEPD,"calibrated (T2 skyline, flat horizon: tilt +0.73 roll +1.25) 2026-10-01","tilt, roll",,0.73,1.25,,20.9,2.4,8,0.76,118.8,57.77,-5.25,65.33,20261001T020552Z,,,,,,,,,,
ws-69c18ba8,Sunset Hill 2 DIGITALPATH,"calibrated (T0 published pointing; sun ok x1, az -0.2 el -1.0) 2026-10-01",,,,,,,,,,,,,,,consistent,3,-0.69,-0.98,,,,,,20261002T012717Z
ws-a207921e,Sunset Peak 2 GEOLINKS,"calibrated (T0 published pointing; sun ok x3, az -1.3 el -0.4) 2026-10-01",,,,,,,,,,,,,,,consistent,4,-1.35,0.81,,,,,,20261002T012043Z
ws-95a7e842,Sutro Tower 2 UNWIREDLTD,calibrated (T2 skyline: pan -0.01 tilt +0.09 roll +0.19 focal x1.038) 2026-10-01,"pan, tilt, roll, focal",-0.01,0.09,0.19,1.038,2.3,1.2,6,1.42,37.6,341.54,-2.73,65.33,20261001T160900Z,,,,,,,,,,
ws-6480b3d9,Sycamore Flat 1 ARROYOSECO,"calibrated (T2 skyline, flat horizon: tilt -0.46 roll +0.78; <1 image/min) 2026-10-01","tilt, roll",,-0.46,0.78,,15.4,1.2,8,1.71,49.6,138.13,-2.24,65.33,20261001T020707Z,,,,,,,,,,
ws-66f0021e,Sycamore Flat 2 ARROYOSECO,"calibrated (T2 skyline, flat horizon: tilt +1.41 roll +2.16; sun ok x2) 2026-10-01","tilt, roll",,1.41,2.16,,40.5,3.0,4,1.1,63.4,114.43,-3.89,65.33,20261001T220445Z,consistent,2,-0.61,-1.85,2,-0.61,-1.85,-0.0,-0.11,20261001T141345Z
ws-45e9944f,Table 1 GEOLINKS,calibrated (T2 skyline: pan +0.47 tilt +0.14 roll +1.58 focal x1.044) 2026-10-01,"pan, tilt, roll, focal",0.47,0.14,1.58,1.044,9.5,2.1,8,5.69,7.4,164.64,1.18,62.8,20261001T131521Z,,,,,,,,,,
ws-bc49849f,Table 2 GEOLINKS,"calibrated (T0 published pointing; sun ok x1, az +0.1 el -1.1) 2026-10-01",,,,,,,,,,,,,,,consistent,4,0.75,-0.7,,,,,,20261002T141021Z
ws-5d3eee34,Talega South HPWREN,calibrated (T2 skyline: pan +0.12 tilt -1.85 roll +0.80 focal x1.022; sun ok x1) 2026-10-01,"pan, tilt, roll, focal",0.12,-1.85,0.8,1.022,53.6,1.9,8,1.44,11.8,120.16,-0.15,62.8,20261001T003351Z,consistent,4,-1.22,1.6,1,-0.74,1.37,0.01,-0.15,20261001T141529Z
ws-326bcd37,Tassajara Peak SANLUISOBISPO,"calibrated (T0 published pointing; sun ok x3, az +0.0 el -2.5) 2026-10-01",,,,,,,,,,,,,,,consistent,4,-0.1,-2.7,,,,,,20261002T012814Z
ws-85a221bb,Tecuya Mtn 1 FRAZIERMTN,calibrated (T2 skyline: pan -0.02 tilt -3.50 roll +1.80 focal x1.005) 2026-10-01,"pan, tilt, roll, focal",-0.02,-3.5,1.8,1.005,93.5,1.0,8,2.08,29.2,210.45,-2.47,65.33,20261001T021352Z,,,,,,,,,,
ws-61fbdd47,Tecuya Mtn 2 FRAZIERMTN,calibrated (T2 skyline: pan +0.15 tilt -1.96 roll -1.03 focal x1.016; sun ok x5) 2026-10-01,"pan, tilt, roll, focal",0.15,-1.96,-1.03,1.016,53.3,1.1,8,3.22,12.9,273.18,0.28,65.33,20261001T020750Z,consistent,5,-0.32,1.32,4,-0.39,1.67,-0.13,-0.65,20261001T005119Z
ws-9bfeca79,Tehachapi Obsv 1 APPLIEDTECHNOLOGY,"in progress (skyline fit asks for pan +3.2 deg, unconfirmed)","pan, tilt, roll, focal",3.25,-0.5,-0.17,0.992,13.7,2.8,8,1.56,84.0,355.38,-6.04,65.33,20261001T150559Z,,,,,,,,,,
ws-255016cf,Tehama Carmel 1 RIDGEWIRELESS,calibrated (T2 skyline: pan +0.25 tilt +0.33 roll +0.07 focal x1.014) 2026-10-01,"pan, tilt, roll, focal",0.25,0.33,0.07,1.014,7.3,0.8,8,1.55,14.5,171.92,-0.74,65.33,20261001T021437Z,,,,,,,,,,
ws-82d4527e,Temescal Trailhead 2 HPWREN,"calibrated (T0 published pointing; sun ok x3, az -1.2 el +1.1) 2026-10-01",,,,,,,,,,,,,,,consistent,4,-0.79,1.17,,,,,,20261002T012040Z
ws-cb3e9c91,Templeton 2 RANCHWIFI,calibrated (T2 skyline: pan +0.32 tilt +0.43 roll +0.38 focal x1.017) 2026-10-01,"pan, tilt, roll, focal",0.32,0.43,0.38,1.017,10.6,1.5,7,1.63,6.8,227.51,-4.38,63.11,20261001T161117Z,,,,,,,,,,
ws-f0281c09,Ten Mile FURTHERREACH,calibrated (T2 skyline: pan -0.46 tilt +2.60 roll +0.74 focal x1.000; sun ok x1) 2026-10-01,"pan, tilt, roll, focal",-0.46,2.6,0.74,1.0,67.7,1.1,8,2.51,7.5,88.74,-3.36,65.33,20261001T021438Z,consistent,4,0.78,-2.5,1,0.57,-2.2,0.37,0.12,20261001T151007Z
ws-cbd6c89b,Thumb Mtn 1 KERN,"calibrated (T0 published pointing; sun ok x1, az -0.3 el -1.3) 2026-10-01",,,,,,,,,,,,,,,consistent,4,0.46,-1.25,,,,,,20261002T141001Z
ws-85a7b808,Thumb Mtn 2 KERN,calibrated (T2 skyline: pan +0.04 tilt -1.23 roll +0.48 focal x1.019; <1 image/min) 2026-10-01,"pan, tilt, roll, focal",0.04,-1.23,0.48,1.019,34.6,1.0,6,3.38,6.3,197.61,-0.6,65.33,20261001T151257Z,,,,,,,,,,
ws-45285586,Thunder Valley Casino East DIGITALPATH,"calibrated (T2 skyline, flat horizon: tilt -1.94 roll +1.00; sun ok x1) 2026-10-01","tilt, roll",,-1.94,1.0,,55.9,2.0,8,1.14,31.6,114.65,1.69,62.64,20261001T021340Z,consistent,4,-0.72,2.35,1,-0.62,1.2,-0.14,-0.76,20261001T151210Z
ws-b4425adb,Thunder Valley Casino West DIGITALPATH,"calibrated (T2 skyline, flat horizon: tilt +0.30 roll -0.44) 2026-10-01","tilt, roll",,0.3,-0.44,,9.4,2.8,7,1.0,40.3,353.04,-0.28,65.33,20261001T161336Z,,,,,,,,,,
ws-8dddea45,Timber Mtn 1 REMOTELYLOCATED,calibrated (T2 skyline: pan -0.09 tilt -0.75 roll +2.08 focal x0.988; sun ok x5) 2026-10-01,"pan, tilt, roll, focal",-0.09,-0.75,2.08,0.988,20.5,0.6,8,2.2,18.2,251.94,-1.5,61.49,20261001T020953Z,consistent,5,-0.3,0.29,4,-0.32,0.3,0.05,-0.48,20261001T005000Z
ws-6cc6bacf,Timber Mtn 2 REMOTELYLOCATED,"calibrated (T2 skyline, flat horizon: tilt -2.72 roll -2.22) 2026-10-01","tilt, roll",,-2.72,-2.22,,73.9,1.8,8,0.61,64.4,28.02,0.32,65.33,20261001T020539Z,,,,,,,,,,
ws-66f74510,Tobias Peak 1 SIO/UCSD,"calibrated (T0 published pointing; sun ok x3, az +0.2 el +2.5) 2026-10-01",,,,,,,,,,,,,,,consistent,4,0.25,2.59,,,,,,20261001T005757Z
ws-370fe099,Todd Eymann Rd 1 GEOLINKS,"calibrated (T0 published pointing; sun ok x2, az -1.9 el +1.8; <1 image/min) 2026-10-01",,,,,,,,,,,,,,,consistent,3,-1.45,1.88,,,,,,20261001T011006Z
ws-1eb05886,Todd Eymann Rd 2 GEOLINKS,"calibrated (T0 published pointing; sun ok x1, az +0.2 el +0.4; <1 image/min) 2026-10-01",,,,,,,,,,,,,,,consistent,2,0.04,0.63,,,,,,20261002T011903Z
ws-13f6dd04,Topanga Canyon 1 GEOLINKS,calibrated (T2 skyline: pan +0.14 tilt -0.93 roll +1.16 focal x1.034) 2026-10-01,"pan, tilt, roll, focal",0.14,-0.93,1.16,1.034,34.3,1.3,6,2.41,6.6,212.59,-6.08,65.33,20261001T151001Z,,,,,,,,,,
ws-6359852a,Topanga Canyon 2 GEOLINKS,calibrated (T2 skyline: pan +0.29 tilt +0.26 roll -0.10 focal x0.969) 2026-10-01,"pan, tilt, roll, focal",0.29,0.26,-0.1,0.969,12.5,1.6,4,3.23,2.0,143.75,-2.48,62.8,20261001T141210Z,,,,,,,,,,
ws-96bdee63,Topanga Peak 2 SIO/UCSD,"in progress (skyline fit asks for pan -3.2 deg, unconfirmed)","pan, tilt, roll, focal",-3.24,-0.68,0.77,0.889,10.1,1.5,8,1.19,71.2,328.02,-2.12,65.33,20261001T151438Z,,,,,,,,,,
ws-5f3341ad,Topatopa Foothills 2 GEOLINKS,calibrated (T2 skyline: pan +1.07 tilt -1.62 roll +0.11 focal x1.014) 2026-10-01,"pan, tilt, roll, focal",1.07,-1.62,0.11,1.014,46.5,2.0,8,1.98,8.0,148.26,-1.05,62.8,20261001T021357Z,,,,,,,,,,
ws-cd71b457,Tudor DIGITALPATH,"calibrated (T0 published pointing; sun ok x2, az +0.4 el -0.2) 2026-10-01",,,,,,,,,,,,,,,consistent,3,0.44,0.23,,,,,,20261002T012059Z
ws-46d51d5e,Tunitas CRUZIO,"calibrated (T0 published pointing; sun ok x2, az -0.6 el -0.0) 2026-10-01",,,,,,,,,,,,,,,consistent,2,-0.55,-0.04,,,,,,20261001T011328Z
ws-3a134a7b,Tuscan Butte 1 GEOLINKS,"calibrated (T0 published pointing; sun ok x1, az -1.0 el -3.2) 2026-10-01",,,,,,,,,,,,,,,consistent,4,0.24,-2.33,,,,,,20261002T150908Z
ws-f0381649,Twin Sisters North 1 VALLEY,"calibrated (T2 skyline, flat horizon: tilt +0.13 roll -0.24) 2026-10-01","tilt, roll",,0.13,-0.24,,4.5,1.0,8,0.68,58.9,219.07,-0.77,65.33,20261001T020522Z,,,,,,,,,,
ws-c15c45b4,Two Harbors 1 (Catalina) GEOLINKS,calibrated (T2 skyline: pan +0.80 tilt +0.71 roll -2.96 focal x1.012; sun ok x4) 2026-10-01,"pan, tilt, roll, focal",0.8,0.71,-2.96,1.012,31.0,1.8,8,5.04,3.6,264.07,-1.88,65.33,20261001T021053Z,consistent,4,-0.24,-1.33,4,-0.24,-1.33,0.04,-0.95,20261001T005118Z
ws-c503cd97,Two Harbors 2 (Catalina) GEOLINKS,"calibrated (T0 published pointing; sun ok x2, az -1.2 el +3.9) 2026-10-01",,,,,,,,,,,,,,,consistent,2,-1.23,3.89,,,,,,20261001T010608Z
ws-6d72b559,UCSD TDLLN 2 HPWREN,"calibrated (T2 skyline, flat horizon: tilt +0.14 roll -0.26) 2026-10-01","tilt, roll",,0.14,-0.26,,4.3,1.8,8,1.97,3.8,200.84,5.8,65.33,20261001T020518Z,,,,,,,,,,
ws-07518ae5,Upper Lake 1 VALLEY,calibrated (T2 skyline: pan -0.96 tilt +2.93 roll +0.48 focal x0.968; sun ok x1) 2026-10-01,"pan, tilt, roll, focal",-0.96,2.93,0.48,0.968,77.4,1.0,4,4.52,12.2,99.11,-2.77,65.33,20261001T220209Z,consistent,3,0.02,-3.17,1,0.48,-3.75,-0.22,-0.56,20261001T150739Z
ws-a536d7bc,Upper Ojai 1 GEOLINKS,calibrated (T2 skyline: pan +0.27 tilt -2.19 roll +1.43 focal x1.009) 2026-10-01,"pan, tilt, roll, focal",0.27,-2.19,1.43,1.009,62.8,1.3,8,3.77,24.0,293.93,-0.44,62.8,20261001T021003Z,,,,,,,,,,
ws-7184dc73,Upper Ojai 2 GEOLINKS,slow (<1 image/min),,,,,,,,,,,,,,,offset,4,3.21,2.55,,,,,,20261002T143140Z
ws-a3d8ef5d,Volcan Tract III South HPWREN,"calibrated (T0 published pointing; sun ok x5, az +0.4 el +0.6; <1 image/min) 2026-10-01",,,,,,,,,,,,,,,consistent,5,0.38,0.63,,,,,,20261001T003850Z
ws-3f7c2e27,Vollmer Tower Top LAFAYETTEPD,"calibrated (T2 skyline, flat horizon: tilt +0.46 roll +1.17) 2026-10-01","tilt, roll",,0.46,1.17,,12.6,1.0,8,0.77,58.0,307.35,-5.76,65.33,20261001T021349Z,,,,,,,,,,
ws-9d379f7f,Wahiawa 2 HECO,candidate,,,,,,,,,,,,,,,unclear,1,-9.96,-0.51,,,,,,20261002T032551Z
ws-0c2985dd,Waimea 2 HECO,"calibrated (T0 published pointing; sun ok x4, az -0.1 el -2.1) 2026-10-02",,,,,,,,,,,,,,,consistent,4,-0.07,-2.07,,,,,,20261002T165856Z
ws-1b26a5af,Walker Ridge 1 DIGITALPATH,calibrated (T2 skyline: pan +0.22 tilt -2.07 roll +0.61 focal x1.022) 2026-10-01,"pan, tilt, roll, focal",0.22,-2.07,0.61,1.022,61.1,1.0,8,2.43,21.5,336.06,-5.78,65.33,20261001T021426Z,,,,,,,,,,
ws-e69a81dc,Walker Ridge 2 DIGITALPATH,calibrated (T2 skyline: pan -0.12 tilt -3.38 roll +0.44 focal x1.018) 2026-10-01,"pan, tilt, roll, focal",-0.12,-3.38,0.44,1.018,89.4,0.7,8,1.07,16.2,161.93,1.76,65.33,20261001T020935Z,,,,,,,,,,
ws-2ddcffc8,Ward 1 HECO,"calibrated (T0 published pointing; sun ok x4, az -0.3 el +1.8) 2026-10-02",,,,,,,,,,,,,,,consistent,4,-0.26,1.77,,,,,,20261002T165848Z
ws-0ba9421e,Weed 1 DIGITALPATH,calibrated (T2 skyline: pan +0.20 tilt -0.33 roll +0.10 focal x1.047; sun ok x5) 2026-10-01,"pan, tilt, roll, focal",0.2,-0.33,0.1,1.047,12.2,1.9,8,2.84,14.3,237.61,2.26,62.8,20261001T021300Z,consistent,5,0.79,0.18,4,0.78,0.48,0.13,-0.21,20261001T004608Z
ws-0b4a1b58,Weed 2 DIGITALPATH,calibrated (T2 skyline: pan -0.17 tilt -1.09 roll +2.47 focal x1.014; sun ok x1) 2026-10-01,"pan, tilt, roll, focal",-0.17,-1.09,2.47,1.014,32.1,0.7,8,9.31,15.2,117.81,1.72,65.33,20261001T021228Z,consistent,4,-0.76,2.65,1,-0.72,1.78,-0.2,1.21,20261001T150620Z
ws-5b1cca11,Weir Canyon Eastridge 1 CITYANAHEIM,calibrated (T2 skyline: pan +0.08 tilt -1.54 roll -0.80 focal x1.025) 2026-10-01,"pan, tilt, roll, focal",0.08,-1.54,-0.8,1.025,46.1,1.1,8,2.27,7.7,183.11,-1.86,65.33,20261001T020656Z,,,,,,,,,,
ws-3672dd81,Weir Canyon Serrano 1 CITYANAHEIM,calibrated (T2 skyline: pan +0.64 tilt -1.99 roll -0.71 focal x1.018; <1 image/min) 2026-10-01,"pan, tilt, roll, focal",0.64,-1.99,-0.71,1.018,56.1,2.3,8,3.53,7.9,132.05,-1.6,65.33,20261001T003213Z,,,,,,,,,,
ws-8fb568da,Weir Canyon Serrano 2 CITYANAHEIM,"calibrated (T0 published pointing; sun ok x4, az -1.2 el -0.3; <1 image/min) 2026-10-01",,,,,,,,,,,,,,,consistent,4,-1.25,-0.3,,,,,,20261001T004143Z
ws-be2566bc,West Peak 1 SHASTABEAM,calibrated (T2 skyline: pan -0.11 tilt -1.43 roll +1.23 focal x1.034; sun ok x1) 2026-10-01,"pan, tilt, roll, focal",-0.11,-1.43,1.23,1.034,48.9,1.7,3,2.2,51.8,239.72,-3.98,62.8,20261001T181159Z,consistent,3,-1.45,2.38,3,-1.45,2.38,-2.02,0.28,20261002T011940Z
ws-94aa124c,West Point CA REMOTELYLOCATED,calibrated (T2 skyline: pan -0.49 tilt +1.13 roll +1.13 focal x1.007) 2026-10-01,"pan, tilt, roll, focal",-0.49,1.13,1.13,1.007,31.1,1.8,8,2.33,5.4,299.75,-2.04,65.33,20261001T021401Z,,,,,,,,,,
ws-cfd928a9,West Prospect Peak 1 DIGITALPATH,"calibrated (T2 skyline, flat horizon: tilt -0.58 roll +0.37; sun ok x2) 2026-10-01","tilt, roll",,-0.58,0.37,,17.0,1.6,8,0.66,71.4,83.59,-1.92,65.33,20261001T020827Z,consistent,2,0.42,0.84,2,0.42,0.84,0.15,0.02,20261001T151234Z
ws-dfaceb4e,Westridge 1 HPWREN,candidate,,,,,,,,,,,,,,,offset,3,0.59,-5.27,,,,,,20261001T004918Z
ws-f45057ae,Westridge 2 HPWREN,"calibrated (T0 published pointing; sun ok x1, az -0.2 el -0.2) 2026-10-01",,,,,,,,,,,,,,,consistent,4,-0.09,-1.53,,,,,,20261002T140948Z
ws-9d881197,Wheeler Canyon 2 GEOLINKS,"calibrated (T2 skyline, flat horizon: tilt +0.27 roll +1.68; <1 image/min) 2026-10-01","tilt, roll",,0.27,1.68,,12.5,2.8,8,4.21,3.0,323.51,5.73,62.8,20261001T020505Z,,,,,,,,,,
ws-69182d98,Whitaker Middle Peak 2 SIO/UCSD,calibrated (T2 skyline: pan +0.06 tilt -0.66 roll -0.07 focal x1.017; <1 image/min) 2026-10-01,"pan, tilt, roll, focal",0.06,-0.66,-0.07,1.017,19.7,0.7,8,1.42,19.5,18.68,-3.06,65.33,20261001T150510Z,,,,,,,,,,
ws-1638cd04,Whitaker Ridge 1 SIO/UCSD,"calibrated (T2 skyline, flat horizon: tilt +0.32 roll +1.92; sun ok x1) 2026-10-01","tilt, roll",,0.32,1.92,,17.0,1.2,8,1.66,51.5,113.2,-4.43,62.64,20261001T020854Z,consistent,4,-0.58,-0.7,1,-0.53,-0.52,0.02,0.24,20261001T140731Z
ws-aa46a3df,Whitaker Ridge 2 SIO/UCSD,"calibrated (T0 published pointing; sun ok x5, az -0.6 el -1.3) 2026-10-01",,,,,,,,,,,,,,,consistent,5,-0.64,-1.33,,,,,,20261002T004055Z
ws-e2cb164c,White Star North HPWREN,"calibrated (T0 published pointing; sun ok x1, az +0.6 el -0.1) 2026-10-01",,,,,,,,,,,,,,,consistent,1,0.62,-0.1,,,,,,20261002T011947Z
ws-d0b60d9c,White Star South HPWREN,"calibrated (T2 skyline, flat horizon: tilt +0.93 roll +2.52; sun ok x1) 2026-10-01","tilt, roll",,0.93,2.52,,22.9,1.3,8,1.5,16.0,75.06,-2.08,65.33,20261001T131428Z,consistent,4,0.44,-0.43,4,0.44,-0.43,0.25,-0.61,20261002T135858Z
ws-baf0692c,Whitney Portal 1 LONEPINECOMMUNICATIONS,"calibrated (T0 published pointing; sun ok x2, az -0.5 el -3.6) 2026-10-01",,,,,,,,,,,,,,,consistent,2,-0.52,-3.65,,,,,,20261001T003116Z
ws-0ee7aa5f,Wiedemann Hill ETHERIC/LAFAYETTEPD,"calibrated (T2 skyline, flat horizon: tilt +0.71 roll +4.48) 2026-10-01","tilt, roll",,0.71,4.48,,39.0,1.2,8,0.73,50.3,188.85,-6.53,65.33,20261001T021551Z,,,,,,,,,,
ws-3d1d90ff,Wild Frontier 1 GEOLINKS,"calibrated (T0 published pointing; sun ok x1, az +1.9 el +1.4; <1 image/min) 2026-10-01",,,,,,,,,,,,,,,consistent,4,2.02,1.48,,,,,,20261002T011902Z
ws-d257f474,Wild Horse Valley 2 VALLEY,calibrated (T2 skyline: pan -0.70 tilt +1.90 roll +1.05 focal x1.020) 2026-10-01,"pan, tilt, roll, focal",-0.7,1.9,1.05,1.02,47.4,0.7,8,2.4,10.9,67.54,-4.36,65.33,20261001T020505Z,,,,,,,,,,
ws-baeedade,William Rust Summit LAFAYETTEPD,candidate,,,,,,,,,,,,,,,offset,3,-1.51,4.4,,,,,,20261002T142109Z
ws-4a78d1b9,Williams DIGITALPATH,"calibrated (T0 published pointing; sun ok x1, az +0.5 el +0.5) 2026-10-01",,,,,,,,,,,,,,,consistent,1,0.47,0.45,,,,,,20261002T012038Z
ws-8da38a77,Willis Peak 1 GEOLINKS,calibrated (T2 skyline: pan +0.06 tilt +0.06 roll -1.00 focal x1.024) 2026-10-01,"pan, tilt, roll, focal",0.06,0.06,-1.0,1.024,7.3,1.2,7,3.09,23.7,300.78,-5.4,65.33,20261001T021208Z,,,,,,,,,,
ws-808349eb,Wilshire 1 GEOLINKS,candidate,,,,,,,,,,,,,,,offset,3,-2.44,-1.07,,,,,,20261002T011946Z
ws-85e38270,Wilshire 2 GEOLINKS,calibrated (T2 skyline: pan -0.45 tilt -0.67 roll +1.12 focal x1.019) 2026-10-01,"pan, tilt, roll, focal",-0.45,-0.67,1.12,1.019,20.5,1.4,8,1.85,8.3,324.93,-0.32,65.33,20261001T151410Z,,,,,,,,,,
ws-c830fe92,Winters 1 REMOTELYLOCATED,calibrated (T2 skyline: pan -1.42 tilt +0.20 roll +1.97 focal x0.910; <1 image/min) 2026-10-01,"pan, tilt, roll, focal",-1.42,0.2,1.97,0.91,13.8,1.7,8,2.69,17.5,197.68,-0.55,65.33,20261001T021446Z,,,,,,,,,,
ws-61639e4b,Winters 2 REMOTELYLOCATED,calibrated (T2 skyline: pan +0.06 tilt -0.06 roll -0.10 focal x1.022; sun ok x1) 2026-10-01,"pan, tilt, roll, focal",0.06,-0.06,-0.1,1.022,3.8,0.6,6,2.33,10.8,241.6,-0.28,65.33,20261001T160713Z,consistent,1,-0.21,-1.32,1,-0.21,-1.32,-0.41,-1.59,20261002T004213Z
ws-1fdeed1e,Wolf Mtn 2 DIGITALPATH,"calibrated (T0 published pointing; sun ok x2, az -0.0 el +3.0) 2026-10-01",,,,,,,,,,,,,,,consistent,4,0.25,3.12,,,,,,20261002T144139Z
ws-e255cc51,Wolfback Ridge UNWIREDLTD,"calibrated (T2 skyline, flat horizon: tilt +1.64 roll -1.60; sun ok x1) 2026-10-01","tilt, roll",,1.64,-1.6,,40.5,2.7,3,1.06,32.8,73.35,-7.55,62.8,20261001T180821Z,consistent,3,0.57,-0.56,1,0.58,1.51,-0.03,3.44,20261001T141145Z
ws-466916a5,Yankee Hill DIGITALPATH,calibrated (T2 skyline: pan -0.19 tilt -0.98 roll +0.73 focal x1.022) 2026-10-01,"pan, tilt, roll, focal",-0.19,-0.98,0.73,1.022,29.8,2.2,7,1.71,6.5,38.34,-2.8,65.33,20261001T160916Z,,,,,,,,,,
ws-3520b794,Yosemite West 1 GEOLINKS,calibrated (T2 skyline: pan +0.34 tilt +0.13 roll +1.59 focal x1.027) 2026-10-01,"pan, tilt, roll, focal",0.34,0.13,1.59,1.027,12.8,1.8,6,3.86,8.8,313.17,-5.31,62.8,20261001T151516Z,,,,,,,,,,
ws-78390a1d,Yosemite West 2 GEOLINKS,"calibrated (T0 published pointing; sun ok x1, az -0.7 el -0.0) 2026-10-02",,,,,,,,,,,,,,,consistent,1,-0.69,-0.01,,,,,,20261002T012708Z
ws-76562d11,Zinfandel 1 VALLEY,calibrated (T2 skyline: pan +0.47 tilt -0.09 roll +1.32 focal x1.006) 2026-10-01,"pan, tilt, roll, focal",0.47,-0.09,1.32,1.006,12.0,1.4,8,5.26,4.1,144.75,-2.29,65.33,20261001T021316Z,,,,,,,,,,
ws-0187af40,Zinfandel 2 VALLEY,"calibrated (T2 skyline, flat horizon: tilt -0.36 roll +0.68; <1 image/min) 2026-10-01","tilt, roll",,-0.36,0.68,,14.6,1.1,8,0.58,15.2,42.9,-6.7,65.33,20261001T021202Z,,,,,,,,,,
